2025-12-30 16:23:47.468 [restartedMain] INFO  com.example.quizz.QuizzApplication - Starting QuizzApplication using Java 21.0.9 with PID 11544 (D:\Assignment-BE\quizz\target\classes started by bichp in D:\Assignment-BE\quizz)
2025-12-30 16:23:47.470 [restartedMain] DEBUG com.example.quizz.QuizzApplication - Running with Spring Boot v4.0.1, Spring v7.0.2
2025-12-30 16:23:47.471 [restartedMain] INFO  com.example.quizz.QuizzApplication - No active profile set, falling back to 1 default profile: "default"
2025-12-30 16:23:47.508 [restartedMain] INFO  o.s.b.d.e.DevToolsPropertyDefaultsPostProcessor - Devtools property defaults active! Set 'spring.devtools.add-properties' to 'false' to disable
2025-12-30 16:23:47.508 [restartedMain] INFO  o.s.b.d.e.DevToolsPropertyDefaultsPostProcessor - For additional web related logging consider setting the 'logging.level.web' property to 'DEBUG'
2025-12-30 16:23:47.749 [background-preinit] INFO  o.h.validator.internal.util.Version - HV000001: Hibernate Validator 9.0.1.Final
2025-12-30 16:23:48.208 [restartedMain] INFO  o.s.d.r.c.RepositoryConfigurationDelegate - Bootstrapping Spring Data JPA repositories in DEFAULT mode.
2025-12-30 16:23:48.262 [restartedMain] INFO  o.s.d.r.c.RepositoryConfigurationDelegate - Finished Spring Data repository scanning in 46 ms. Found 6 JPA repository interfaces.
2025-12-30 16:23:48.802 [restartedMain] INFO  o.s.boot.tomcat.TomcatWebServer - Tomcat initialized with port 8080 (http)
2025-12-30 16:23:48.812 [restartedMain] INFO  o.a.coyote.http11.Http11NioProtocol - Initializing ProtocolHandler ["http-nio-8080"]
2025-12-30 16:23:48.813 [restartedMain] INFO  o.a.catalina.core.StandardService - Starting service [Tomcat]
2025-12-30 16:23:48.813 [restartedMain] INFO  o.a.catalina.core.StandardEngine - Starting Servlet engine: [Apache Tomcat/11.0.15]
2025-12-30 16:23:48.852 [restartedMain] INFO  o.s.b.w.c.s.WebApplicationContextInitializer - Root WebApplicationContext: initialization completed in 1342 ms
2025-12-30 16:23:49.086 [restartedMain] INFO  org.hibernate.orm.jpa - HHH008540: Processing PersistenceUnitInfo [name: default]
2025-12-30 16:23:49.119 [restartedMain] INFO  org.hibernate.orm.core - HHH000001: Hibernate ORM core version 7.2.0.Final
2025-12-30 16:23:49.417 [restartedMain] INFO  o.s.o.j.p.SpringPersistenceUnitInfo - No LoadTimeWeaver setup: ignoring JPA class transformer
2025-12-30 16:23:49.439 [restartedMain] INFO  com.zaxxer.hikari.HikariDataSource - HikariPool-1 - Starting...
2025-12-30 16:23:49.581 [restartedMain] INFO  com.zaxxer.hikari.pool.HikariPool - HikariPool-1 - Added connection org.postgresql.jdbc.PgConnection@7174f453
2025-12-30 16:23:49.583 [restartedMain] INFO  com.zaxxer.hikari.HikariDataSource - HikariPool-1 - Start completed.
2025-12-30 16:23:49.608 [restartedMain] WARN  org.hibernate.orm.deprecation - HHH90000025: PostgreSQLDialect does not need to be specified explicitly using 'hibernate.dialect' (remove the property setting and it will be selected by default)
2025-12-30 16:23:49.633 [restartedMain] INFO  o.hibernate.orm.connections.pooling - HHH10001005: Database info:
	Database JDBC URL [jdbc:postgresql://localhost:5432/quiz_db]
	Database driver: PostgreSQL JDBC Driver
	Database dialect: PostgreSQLDialect
	Database version: 18.1
	Default catalog/schema: quiz_db/public
	Autocommit mode: undefined/unknown
	Isolation level: READ_COMMITTED [default READ_COMMITTED]
	JDBC fetch size: none
	Pool: DataSourceConnectionProvider
	Minimum pool size: undefined/unknown
	Maximum pool size: undefined/unknown
2025-12-30 16:23:50.402 [restartedMain] INFO  org.hibernate.orm.core - HHH000489: No JTA platform available (set 'hibernate.transaction.jta.platform' to enable JTA platform integration)
2025-12-30 16:23:50.494 [restartedMain] INFO  o.s.o.j.LocalContainerEntityManagerFactoryBean - Initialized JPA EntityManagerFactory for persistence unit 'default'
2025-12-30 16:23:50.557 [restartedMain] INFO  o.s.d.j.r.q.QueryEnhancerFactories - Hibernate is in classpath; If applicable, HQL parser will be used.
2025-12-30 16:23:50.743 [restartedMain] DEBUG c.e.q.s.JwtAuthenticationFilter - Filter 'jwtAuthenticationFilter' configured for use
2025-12-30 16:23:50.823 [restartedMain] INFO  o.s.s.c.a.a.c.InitializeAuthenticationProviderBeanManagerConfigurer$InitializeAuthenticationProviderManagerConfigurer - Global AuthenticationManager configured with AuthenticationProvider bean with name authenticationProvider
2025-12-30 16:23:50.824 [restartedMain] WARN  o.s.s.c.a.a.c.InitializeUserDetailsBeanManagerConfigurer$InitializeUserDetailsManagerConfigurer - Global AuthenticationManager configured with an AuthenticationProvider bean. UserDetailsService beans will not be used by Spring Security for automatically configuring username/password login. Consider removing the AuthenticationProvider bean. Alternatively, consider using the UserDetailsService in a manually instantiated DaoAuthenticationProvider. If the current configuration is intentional, to turn off this warning, increase the logging level of 'org.springframework.security.config.annotation.authentication.configuration.InitializeUserDetailsBeanManagerConfigurer' to ERROR
2025-12-30 16:23:51.037 [restartedMain] WARN  o.s.b.j.a.JpaBaseConfiguration$JpaWebConfiguration - spring.jpa.open-in-view is enabled by default. Therefore, database queries may be performed during view rendering. Explicitly configure spring.jpa.open-in-view to disable this warning
2025-12-30 16:23:51.250 [restartedMain] DEBUG o.s.s.web.DefaultSecurityFilterChain - Will secure any request with filters: DisableEncodeUrlFilter, WebAsyncManagerIntegrationFilter, SecurityContextHolderFilter, HeaderWriterFilter, LogoutFilter, JwtAuthenticationFilter, RequestCacheAwareFilter, SecurityContextHolderAwareRequestFilter, AnonymousAuthenticationFilter, SessionManagementFilter, ExceptionTranslationFilter, AuthorizationFilter
2025-12-30 16:23:51.793 [restartedMain] INFO  o.s.b.a.e.web.EndpointLinksResolver - Exposing 3 endpoints beneath base path '/actuator'
2025-12-30 16:23:51.856 [restartedMain] INFO  o.a.coyote.http11.Http11NioProtocol - Starting ProtocolHandler ["http-nio-8080"]
2025-12-30 16:23:51.881 [restartedMain] INFO  o.s.boot.tomcat.TomcatWebServer - Tomcat started on port 8080 (http) with context path '/'
2025-12-30 16:23:51.887 [restartedMain] INFO  com.example.quizz.QuizzApplication - Started QuizzApplication in 4.771 seconds (process running for 5.117)
2025-12-30 16:23:56.601 [http-nio-8080-exec-1] INFO  o.a.c.c.C.[Tomcat].[localhost].[/] - Initializing Spring DispatcherServlet 'dispatcherServlet'
2025-12-30 16:23:56.602 [http-nio-8080-exec-1] INFO  o.s.web.servlet.DispatcherServlet - Initializing Servlet 'dispatcherServlet'
2025-12-30 16:23:56.604 [http-nio-8080-exec-1] INFO  o.s.web.servlet.DispatcherServlet - Completed initialization in 2 ms
2025-12-30 16:23:56.631 [http-nio-8080-exec-1] DEBUG o.s.security.web.FilterChainProxy - Securing GET /swagger-ui/index.html
2025-12-30 16:23:56.652 [http-nio-8080-exec-1] DEBUG o.s.s.w.a.AnonymousAuthenticationFilter - Set SecurityContextHolder to anonymous SecurityContext
2025-12-30 16:23:56.660 [http-nio-8080-exec-1] DEBUG o.s.security.web.FilterChainProxy - Secured GET /swagger-ui/index.html
2025-12-30 16:23:56.870 [http-nio-8080-exec-2] DEBUG o.s.security.web.FilterChainProxy - Securing GET /swagger-ui/swagger-initializer.js
2025-12-30 16:23:56.871 [http-nio-8080-exec-2] DEBUG o.s.s.w.a.AnonymousAuthenticationFilter - Set SecurityContextHolder to anonymous SecurityContext
2025-12-30 16:23:56.872 [http-nio-8080-exec-2] DEBUG o.s.security.web.FilterChainProxy - Secured GET /swagger-ui/swagger-initializer.js
2025-12-30 16:23:57.239 [http-nio-8080-exec-7] DEBUG o.s.security.web.FilterChainProxy - Securing GET /api-docs/swagger-config
2025-12-30 16:23:57.242 [http-nio-8080-exec-7] DEBUG o.s.s.w.a.AnonymousAuthenticationFilter - Set SecurityContextHolder to anonymous SecurityContext
2025-12-30 16:23:57.242 [http-nio-8080-exec-4] DEBUG o.s.security.web.FilterChainProxy - Securing GET /swagger-ui/favicon-32x32.png
2025-12-30 16:23:57.243 [http-nio-8080-exec-4] DEBUG o.s.s.w.a.AnonymousAuthenticationFilter - Set SecurityContextHolder to anonymous SecurityContext
2025-12-30 16:23:57.243 [http-nio-8080-exec-4] DEBUG o.s.security.web.FilterChainProxy - Secured GET /swagger-ui/favicon-32x32.png
2025-12-30 16:23:57.246 [http-nio-8080-exec-7] DEBUG o.s.s.w.a.Http403ForbiddenEntryPoint - Pre-authenticated entry point called. Rejecting access
2025-12-30 16:23:57.252 [http-nio-8080-exec-7] DEBUG o.s.security.web.FilterChainProxy - Securing GET /error
2025-12-30 16:23:57.253 [http-nio-8080-exec-7] DEBUG o.s.s.w.a.AnonymousAuthenticationFilter - Set SecurityContextHolder to anonymous SecurityContext
2025-12-30 16:23:57.254 [http-nio-8080-exec-7] DEBUG o.s.s.w.a.Http403ForbiddenEntryPoint - Pre-authenticated entry point called. Rejecting access
2025-12-30 16:24:03.165 [http-nio-8080-exec-10] DEBUG o.s.security.web.FilterChainProxy - Securing GET /swagger-ui/api/docs
2025-12-30 16:24:03.166 [http-nio-8080-exec-10] DEBUG o.s.s.w.a.AnonymousAuthenticationFilter - Set SecurityContextHolder to anonymous SecurityContext
2025-12-30 16:24:03.167 [http-nio-8080-exec-10] DEBUG o.s.security.web.FilterChainProxy - Secured GET /swagger-ui/api/docs
2025-12-30 16:24:04.172 [http-nio-8080-exec-10] WARN  o.s.w.s.m.m.a.ExceptionHandlerExceptionResolver - Resolved [org.springframework.web.servlet.resource.NoResourceFoundException: No static resource swagger-ui/api/docs for request '/swagger-ui/api/docs'.]
2025-12-30 16:24:04.209 [http-nio-8080-exec-8] DEBUG o.s.security.web.FilterChainProxy - Securing GET /swagger-ui/api/docs
2025-12-30 16:24:04.210 [http-nio-8080-exec-8] DEBUG o.s.s.w.a.AnonymousAuthenticationFilter - Set SecurityContextHolder to anonymous SecurityContext
2025-12-30 16:24:04.211 [http-nio-8080-exec-8] DEBUG o.s.security.web.FilterChainProxy - Secured GET /swagger-ui/api/docs
2025-12-30 16:24:04.230 [http-nio-8080-exec-8] WARN  o.s.w.s.m.m.a.ExceptionHandlerExceptionResolver - Resolved [org.springframework.web.servlet.resource.NoResourceFoundException: No static resource swagger-ui/api/docs for request '/swagger-ui/api/docs'.]
2025-12-30 16:24:22.434 [http-nio-8080-exec-6] DEBUG o.s.security.web.FilterChainProxy - Securing GET /swagger-ui/
2025-12-30 16:24:22.435 [http-nio-8080-exec-6] DEBUG o.s.s.w.a.AnonymousAuthenticationFilter - Set SecurityContextHolder to anonymous SecurityContext
2025-12-30 16:24:22.435 [http-nio-8080-exec-6] DEBUG o.s.security.web.FilterChainProxy - Secured GET /swagger-ui/
2025-12-30 16:24:22.456 [http-nio-8080-exec-6] WARN  o.s.w.s.m.m.a.ExceptionHandlerExceptionResolver - Resolved [org.springframework.web.servlet.resource.NoResourceFoundException: No static resource swagger-ui for request '/swagger-ui/'.]
2025-12-30 16:24:22.565 [http-nio-8080-exec-3] DEBUG o.s.security.web.FilterChainProxy - Securing GET /favicon.ico
2025-12-30 16:24:22.566 [http-nio-8080-exec-3] DEBUG o.s.s.w.a.AnonymousAuthenticationFilter - Set SecurityContextHolder to anonymous SecurityContext
2025-12-30 16:24:22.567 [http-nio-8080-exec-3] DEBUG o.s.s.w.a.Http403ForbiddenEntryPoint - Pre-authenticated entry point called. Rejecting access
2025-12-30 16:24:22.568 [http-nio-8080-exec-3] DEBUG o.s.security.web.FilterChainProxy - Securing GET /error
2025-12-30 16:24:22.569 [http-nio-8080-exec-3] DEBUG o.s.s.w.a.AnonymousAuthenticationFilter - Set SecurityContextHolder to anonymous SecurityContext
2025-12-30 16:24:22.569 [http-nio-8080-exec-3] DEBUG o.s.s.w.a.Http403ForbiddenEntryPoint - Pre-authenticated entry point called. Rejecting access
2025-12-30 16:24:31.679 [http-nio-8080-exec-2] DEBUG o.s.security.web.FilterChainProxy - Securing GET /swagger-ui/swagger-initializer.js
2025-12-30 16:24:31.688 [http-nio-8080-exec-2] DEBUG o.s.s.w.a.AnonymousAuthenticationFilter - Set SecurityContextHolder to anonymous SecurityContext
2025-12-30 16:24:31.691 [http-nio-8080-exec-2] DEBUG o.s.security.web.FilterChainProxy - Secured GET /swagger-ui/swagger-initializer.js
2025-12-30 16:24:31.933 [http-nio-8080-exec-4] DEBUG o.s.security.web.FilterChainProxy - Securing GET /api-docs/swagger-config
2025-12-30 16:24:31.938 [http-nio-8080-exec-4] DEBUG o.s.s.w.a.AnonymousAuthenticationFilter - Set SecurityContextHolder to anonymous SecurityContext
2025-12-30 16:24:31.944 [http-nio-8080-exec-4] DEBUG o.s.s.w.a.Http403ForbiddenEntryPoint - Pre-authenticated entry point called. Rejecting access
2025-12-30 16:24:31.951 [http-nio-8080-exec-4] DEBUG o.s.security.web.FilterChainProxy - Securing GET /error
2025-12-30 16:24:31.958 [http-nio-8080-exec-4] DEBUG o.s.s.w.a.AnonymousAuthenticationFilter - Set SecurityContextHolder to anonymous SecurityContext
2025-12-30 16:24:31.959 [http-nio-8080-exec-4] DEBUG o.s.s.w.a.Http403ForbiddenEntryPoint - Pre-authenticated entry point called. Rejecting access
2025-12-30 16:24:41.726 [http-nio-8080-exec-7] DEBUG o.s.security.web.FilterChainProxy - Securing GET /v3/api-docs
2025-12-30 16:24:41.726 [http-nio-8080-exec-7] DEBUG o.s.s.w.a.AnonymousAuthenticationFilter - Set SecurityContextHolder to anonymous SecurityContext
2025-12-30 16:24:41.729 [http-nio-8080-exec-7] DEBUG o.s.security.web.FilterChainProxy - Secured GET /v3/api-docs
2025-12-30 16:24:41.757 [http-nio-8080-exec-7] WARN  o.s.w.s.m.m.a.ExceptionHandlerExceptionResolver - Resolved [org.springframework.web.servlet.resource.NoResourceFoundException: No static resource v3/api-docs for request '/v3/api-docs'.]
2025-12-30 16:24:41.956 [http-nio-8080-exec-9] DEBUG o.s.security.web.FilterChainProxy - Securing GET /favicon.ico
2025-12-30 16:24:41.961 [http-nio-8080-exec-9] DEBUG o.s.s.w.a.AnonymousAuthenticationFilter - Set SecurityContextHolder to anonymous SecurityContext
2025-12-30 16:24:41.965 [http-nio-8080-exec-9] DEBUG o.s.s.w.a.Http403ForbiddenEntryPoint - Pre-authenticated entry point called. Rejecting access
2025-12-30 16:24:41.974 [http-nio-8080-exec-9] DEBUG o.s.security.web.FilterChainProxy - Securing GET /error
2025-12-30 16:24:41.978 [http-nio-8080-exec-9] DEBUG o.s.s.w.a.AnonymousAuthenticationFilter - Set SecurityContextHolder to anonymous SecurityContext
2025-12-30 16:24:41.981 [http-nio-8080-exec-9] DEBUG o.s.s.w.a.Http403ForbiddenEntryPoint - Pre-authenticated entry point called. Rejecting access
2025-12-30 16:25:41.452 [File Watcher] INFO  o.s.b.d.a.LocalDevToolsAutoConfiguration$RestartingClassPathChangeChangedEventListener - Restarting due to 2 class path changes (0 additions, 0 deletions, 2 modifications)
2025-12-30 16:25:41.458 [Thread-1] INFO  o.s.boot.tomcat.GracefulShutdown - Commencing graceful shutdown. Waiting for active requests to complete
2025-12-30 16:25:41.459 [tomcat-shutdown] INFO  o.a.coyote.http11.Http11NioProtocol - Pausing ProtocolHandler ["http-nio-8080"]
2025-12-30 16:25:41.463 [tomcat-shutdown] INFO  o.s.boot.tomcat.GracefulShutdown - Graceful shutdown complete
2025-12-30 16:25:41.464 [Thread-1] INFO  o.a.coyote.http11.Http11NioProtocol - Stopping ProtocolHandler ["http-nio-8080"]
2025-12-30 16:25:41.469 [Thread-1] INFO  o.s.o.j.LocalContainerEntityManagerFactoryBean - Closing JPA EntityManagerFactory for persistence unit 'default'
2025-12-30 16:25:41.474 [Thread-1] INFO  com.zaxxer.hikari.HikariDataSource - HikariPool-1 - Shutdown initiated...
2025-12-30 16:25:41.476 [Thread-1] INFO  com.zaxxer.hikari.HikariDataSource - HikariPool-1 - Shutdown completed.
2025-12-30 16:25:41.571 [restartedMain] INFO  com.example.quizz.QuizzApplication - Starting QuizzApplication using Java 21.0.9 with PID 11544 (D:\Assignment-BE\quizz\target\classes started by bichp in D:\Assignment-BE\quizz)
2025-12-30 16:25:41.572 [restartedMain] DEBUG com.example.quizz.QuizzApplication - Running with Spring Boot v4.0.1, Spring v7.0.2
2025-12-30 16:25:41.572 [restartedMain] INFO  com.example.quizz.QuizzApplication - No active profile set, falling back to 1 default profile: "default"
2025-12-30 16:25:41.739 [restartedMain] INFO  o.s.d.r.c.RepositoryConfigurationDelegate - Bootstrapping Spring Data JPA repositories in DEFAULT mode.
2025-12-30 16:25:41.756 [restartedMain] INFO  o.s.d.r.c.RepositoryConfigurationDelegate - Finished Spring Data repository scanning in 15 ms. Found 6 JPA repository interfaces.
2025-12-30 16:25:41.899 [restartedMain] INFO  o.s.boot.tomcat.TomcatWebServer - Tomcat initialized with port 8080 (http)
2025-12-30 16:25:41.902 [restartedMain] INFO  o.a.coyote.http11.Http11NioProtocol - Initializing ProtocolHandler ["http-nio-8080"]
2025-12-30 16:25:41.903 [restartedMain] INFO  o.a.catalina.core.StandardService - Starting service [Tomcat]
2025-12-30 16:25:41.903 [restartedMain] INFO  o.a.catalina.core.StandardEngine - Starting Servlet engine: [Apache Tomcat/11.0.15]
2025-12-30 16:25:41.921 [restartedMain] INFO  o.s.b.w.c.s.WebApplicationContextInitializer - Root WebApplicationContext: initialization completed in 348 ms
2025-12-30 16:25:41.991 [restartedMain] INFO  org.hibernate.orm.jpa - HHH008540: Processing PersistenceUnitInfo [name: default]
2025-12-30 16:25:42.012 [restartedMain] INFO  o.s.o.j.p.SpringPersistenceUnitInfo - No LoadTimeWeaver setup: ignoring JPA class transformer
2025-12-30 16:25:42.013 [restartedMain] INFO  com.zaxxer.hikari.HikariDataSource - HikariPool-2 - Starting...
2025-12-30 16:25:42.057 [restartedMain] INFO  com.zaxxer.hikari.pool.HikariPool - HikariPool-2 - Added connection org.postgresql.jdbc.PgConnection@227f2d97
2025-12-30 16:25:42.058 [restartedMain] INFO  com.zaxxer.hikari.HikariDataSource - HikariPool-2 - Start completed.
2025-12-30 16:25:42.064 [restartedMain] WARN  org.hibernate.orm.deprecation - HHH90000025: PostgreSQLDialect does not need to be specified explicitly using 'hibernate.dialect' (remove the property setting and it will be selected by default)
2025-12-30 16:25:42.069 [restartedMain] INFO  o.hibernate.orm.connections.pooling - HHH10001005: Database info:
	Database JDBC URL [jdbc:postgresql://localhost:5432/quiz_db]
	Database driver: PostgreSQL JDBC Driver
	Database dialect: PostgreSQLDialect
	Database version: 18.1
	Default catalog/schema: quiz_db/public
	Autocommit mode: undefined/unknown
	Isolation level: READ_COMMITTED [default READ_COMMITTED]
	JDBC fetch size: none
	Pool: DataSourceConnectionProvider
	Minimum pool size: undefined/unknown
	Maximum pool size: undefined/unknown
2025-12-30 16:25:42.173 [restartedMain] INFO  org.hibernate.orm.core - HHH000489: No JTA platform available (set 'hibernate.transaction.jta.platform' to enable JTA platform integration)
2025-12-30 16:25:42.210 [restartedMain] INFO  o.s.o.j.LocalContainerEntityManagerFactoryBean - Initialized JPA EntityManagerFactory for persistence unit 'default'
2025-12-30 16:25:42.284 [restartedMain] DEBUG c.e.q.s.JwtAuthenticationFilter - Filter 'jwtAuthenticationFilter' configured for use
2025-12-30 16:25:42.333 [restartedMain] INFO  o.s.s.c.a.a.c.InitializeAuthenticationProviderBeanManagerConfigurer$InitializeAuthenticationProviderManagerConfigurer - Global AuthenticationManager configured with AuthenticationProvider bean with name authenticationProvider
2025-12-30 16:25:42.333 [restartedMain] WARN  o.s.s.c.a.a.c.InitializeUserDetailsBeanManagerConfigurer$InitializeUserDetailsManagerConfigurer - Global AuthenticationManager configured with an AuthenticationProvider bean. UserDetailsService beans will not be used by Spring Security for automatically configuring username/password login. Consider removing the AuthenticationProvider bean. Alternatively, consider using the UserDetailsService in a manually instantiated DaoAuthenticationProvider. If the current configuration is intentional, to turn off this warning, increase the logging level of 'org.springframework.security.config.annotation.authentication.configuration.InitializeUserDetailsBeanManagerConfigurer' to ERROR
2025-12-30 16:25:42.463 [restartedMain] WARN  o.s.b.j.a.JpaBaseConfiguration$JpaWebConfiguration - spring.jpa.open-in-view is enabled by default. Therefore, database queries may be performed during view rendering. Explicitly configure spring.jpa.open-in-view to disable this warning
2025-12-30 16:25:42.563 [restartedMain] DEBUG o.s.s.web.DefaultSecurityFilterChain - Will secure any request with filters: DisableEncodeUrlFilter, WebAsyncManagerIntegrationFilter, SecurityContextHolderFilter, HeaderWriterFilter, LogoutFilter, JwtAuthenticationFilter, RequestCacheAwareFilter, SecurityContextHolderAwareRequestFilter, AnonymousAuthenticationFilter, SessionManagementFilter, ExceptionTranslationFilter, AuthorizationFilter
2025-12-30 16:25:42.806 [restartedMain] INFO  o.s.b.a.e.web.EndpointLinksResolver - Exposing 3 endpoints beneath base path '/actuator'
2025-12-30 16:25:42.835 [restartedMain] INFO  o.a.coyote.http11.Http11NioProtocol - Starting ProtocolHandler ["http-nio-8080"]
2025-12-30 16:25:42.838 [restartedMain] INFO  o.s.boot.tomcat.TomcatWebServer - Tomcat started on port 8080 (http) with context path '/'
2025-12-30 16:25:42.841 [restartedMain] INFO  com.example.quizz.QuizzApplication - Started QuizzApplication in 1.292 seconds (process running for 116.07)
2025-12-30 16:25:42.874 [restartedMain] INFO  o.s.b.d.a.ConditionEvaluationDeltaLoggingListener - Condition evaluation unchanged
2025-12-30 16:26:02.655 [File Watcher] INFO  o.s.b.d.a.LocalDevToolsAutoConfiguration$RestartingClassPathChangeChangedEventListener - Restarting due to 1 class path change (0 additions, 0 deletions, 1 modification)
2025-12-30 16:26:02.658 [Thread-5] INFO  o.s.boot.tomcat.GracefulShutdown - Commencing graceful shutdown. Waiting for active requests to complete
2025-12-30 16:26:02.659 [tomcat-shutdown] INFO  o.a.coyote.http11.Http11NioProtocol - Pausing ProtocolHandler ["http-nio-8080"]
2025-12-30 16:26:02.663 [tomcat-shutdown] INFO  o.s.boot.tomcat.GracefulShutdown - Graceful shutdown complete
2025-12-30 16:26:02.663 [Thread-5] INFO  o.a.coyote.http11.Http11NioProtocol - Stopping ProtocolHandler ["http-nio-8080"]
2025-12-30 16:26:02.665 [Thread-5] INFO  o.s.o.j.LocalContainerEntityManagerFactoryBean - Closing JPA EntityManagerFactory for persistence unit 'default'
2025-12-30 16:26:02.666 [Thread-5] INFO  com.zaxxer.hikari.HikariDataSource - HikariPool-2 - Shutdown initiated...
2025-12-30 16:26:02.677 [Thread-5] INFO  com.zaxxer.hikari.HikariDataSource - HikariPool-2 - Shutdown completed.
2025-12-30 16:26:02.759 [restartedMain] INFO  com.example.quizz.QuizzApplication - Starting QuizzApplication using Java 21.0.9 with PID 11544 (D:\Assignment-BE\quizz\target\classes started by bichp in D:\Assignment-BE\quizz)
2025-12-30 16:26:02.760 [restartedMain] DEBUG com.example.quizz.QuizzApplication - Running with Spring Boot v4.0.1, Spring v7.0.2
2025-12-30 16:26:02.760 [restartedMain] INFO  com.example.quizz.QuizzApplication - No active profile set, falling back to 1 default profile: "default"
2025-12-30 16:26:03.176 [restartedMain] INFO  o.s.d.r.c.RepositoryConfigurationDelegate - Bootstrapping Spring Data JPA repositories in DEFAULT mode.
2025-12-30 16:26:03.228 [restartedMain] INFO  o.s.d.r.c.RepositoryConfigurationDelegate - Finished Spring Data repository scanning in 48 ms. Found 6 JPA repository interfaces.
2025-12-30 16:26:03.554 [restartedMain] INFO  o.s.boot.tomcat.TomcatWebServer - Tomcat initialized with port 8080 (http)
2025-12-30 16:26:03.555 [restartedMain] INFO  o.a.coyote.http11.Http11NioProtocol - Initializing ProtocolHandler ["http-nio-8080"]
2025-12-30 16:26:03.556 [restartedMain] INFO  o.a.catalina.core.StandardService - Starting service [Tomcat]
2025-12-30 16:26:03.556 [restartedMain] INFO  o.a.catalina.core.StandardEngine - Starting Servlet engine: [Apache Tomcat/11.0.15]
2025-12-30 16:26:03.595 [restartedMain] INFO  o.s.b.w.c.s.WebApplicationContextInitializer - Root WebApplicationContext: initialization completed in 832 ms
2025-12-30 16:26:03.662 [restartedMain] INFO  org.hibernate.orm.jpa - HHH008540: Processing PersistenceUnitInfo [name: default]
2025-12-30 16:26:03.687 [restartedMain] INFO  o.s.o.j.p.SpringPersistenceUnitInfo - No LoadTimeWeaver setup: ignoring JPA class transformer
2025-12-30 16:26:03.688 [restartedMain] INFO  com.zaxxer.hikari.HikariDataSource - HikariPool-3 - Starting...
2025-12-30 16:26:03.852 [restartedMain] INFO  com.zaxxer.hikari.pool.HikariPool - HikariPool-3 - Added connection org.postgresql.jdbc.PgConnection@9c8786b
2025-12-30 16:26:03.853 [restartedMain] INFO  com.zaxxer.hikari.HikariDataSource - HikariPool-3 - Start completed.
2025-12-30 16:26:03.859 [restartedMain] WARN  org.hibernate.orm.deprecation - HHH90000025: PostgreSQLDialect does not need to be specified explicitly using 'hibernate.dialect' (remove the property setting and it will be selected by default)
2025-12-30 16:26:03.866 [restartedMain] INFO  o.hibernate.orm.connections.pooling - HHH10001005: Database info:
	Database JDBC URL [jdbc:postgresql://localhost:5432/quiz_db]
	Database driver: PostgreSQL JDBC Driver
	Database dialect: PostgreSQLDialect
	Database version: 18.1
	Default catalog/schema: quiz_db/public
	Autocommit mode: undefined/unknown
	Isolation level: READ_COMMITTED [default READ_COMMITTED]
	JDBC fetch size: none
	Pool: DataSourceConnectionProvider
	Minimum pool size: undefined/unknown
	Maximum pool size: undefined/unknown
2025-12-30 16:26:03.946 [restartedMain] INFO  org.hibernate.orm.core - HHH000489: No JTA platform available (set 'hibernate.transaction.jta.platform' to enable JTA platform integration)
2025-12-30 16:26:03.969 [restartedMain] INFO  o.s.o.j.LocalContainerEntityManagerFactoryBean - Initialized JPA EntityManagerFactory for persistence unit 'default'
2025-12-30 16:26:04.023 [restartedMain] DEBUG c.e.q.s.JwtAuthenticationFilter - Filter 'jwtAuthenticationFilter' configured for use
2025-12-30 16:26:04.083 [restartedMain] INFO  o.s.s.c.a.a.c.InitializeAuthenticationProviderBeanManagerConfigurer$InitializeAuthenticationProviderManagerConfigurer - Global AuthenticationManager configured with AuthenticationProvider bean with name authenticationProvider
2025-12-30 16:26:04.083 [restartedMain] WARN  o.s.s.c.a.a.c.InitializeUserDetailsBeanManagerConfigurer$InitializeUserDetailsManagerConfigurer - Global AuthenticationManager configured with an AuthenticationProvider bean. UserDetailsService beans will not be used by Spring Security for automatically configuring username/password login. Consider removing the AuthenticationProvider bean. Alternatively, consider using the UserDetailsService in a manually instantiated DaoAuthenticationProvider. If the current configuration is intentional, to turn off this warning, increase the logging level of 'org.springframework.security.config.annotation.authentication.configuration.InitializeUserDetailsBeanManagerConfigurer' to ERROR
2025-12-30 16:26:04.307 [restartedMain] WARN  o.s.b.j.a.JpaBaseConfiguration$JpaWebConfiguration - spring.jpa.open-in-view is enabled by default. Therefore, database queries may be performed during view rendering. Explicitly configure spring.jpa.open-in-view to disable this warning
2025-12-30 16:26:04.612 [restartedMain] DEBUG o.s.s.web.DefaultSecurityFilterChain - Will secure any request with filters: DisableEncodeUrlFilter, WebAsyncManagerIntegrationFilter, SecurityContextHolderFilter, HeaderWriterFilter, LogoutFilter, JwtAuthenticationFilter, RequestCacheAwareFilter, SecurityContextHolderAwareRequestFilter, AnonymousAuthenticationFilter, SessionManagementFilter, ExceptionTranslationFilter, AuthorizationFilter
2025-12-30 16:26:05.058 [restartedMain] INFO  o.s.b.a.e.web.EndpointLinksResolver - Exposing 3 endpoints beneath base path '/actuator'
2025-12-30 16:26:05.125 [restartedMain] INFO  o.a.coyote.http11.Http11NioProtocol - Starting ProtocolHandler ["http-nio-8080"]
2025-12-30 16:26:05.129 [restartedMain] INFO  o.s.boot.tomcat.TomcatWebServer - Tomcat started on port 8080 (http) with context path '/'
2025-12-30 16:26:05.131 [restartedMain] INFO  com.example.quizz.QuizzApplication - Started QuizzApplication in 2.4 seconds (process running for 138.362)
2025-12-30 16:26:05.176 [restartedMain] INFO  o.s.b.d.a.ConditionEvaluationDeltaLoggingListener - Condition evaluation unchanged
2025-12-30 16:26:05.332 [http-nio-8080-exec-1] INFO  o.a.c.c.C.[Tomcat].[localhost].[/] - Initializing Spring DispatcherServlet 'dispatcherServlet'
2025-12-30 16:26:05.332 [http-nio-8080-exec-1] INFO  o.s.web.servlet.DispatcherServlet - Initializing Servlet 'dispatcherServlet'
2025-12-30 16:26:05.336 [http-nio-8080-exec-1] INFO  o.s.web.servlet.DispatcherServlet - Completed initialization in 2 ms
2025-12-30 16:26:05.337 [http-nio-8080-exec-1] DEBUG o.s.security.web.FilterChainProxy - Securing GET /swagger-ui/index.html
2025-12-30 16:26:05.338 [http-nio-8080-exec-1] DEBUG o.s.s.w.a.AnonymousAuthenticationFilter - Set SecurityContextHolder to anonymous SecurityContext
2025-12-30 16:26:05.339 [http-nio-8080-exec-1] DEBUG o.s.security.web.FilterChainProxy - Secured GET /swagger-ui/index.html
2025-12-30 16:26:05.371 [http-nio-8080-exec-2] DEBUG o.s.security.web.FilterChainProxy - Securing GET /swagger-ui/swagger-initializer.js
2025-12-30 16:26:05.371 [http-nio-8080-exec-2] DEBUG o.s.s.w.a.AnonymousAuthenticationFilter - Set SecurityContextHolder to anonymous SecurityContext
2025-12-30 16:26:05.372 [http-nio-8080-exec-2] DEBUG o.s.security.web.FilterChainProxy - Secured GET /swagger-ui/swagger-initializer.js
2025-12-30 16:26:05.426 [http-nio-8080-exec-7] DEBUG o.s.security.web.FilterChainProxy - Securing GET /v3/api-docs/swagger-config
2025-12-30 16:26:05.427 [http-nio-8080-exec-7] DEBUG o.s.s.w.a.AnonymousAuthenticationFilter - Set SecurityContextHolder to anonymous SecurityContext
2025-12-30 16:26:05.428 [http-nio-8080-exec-7] DEBUG o.s.security.web.FilterChainProxy - Secured GET /v3/api-docs/swagger-config
2025-12-30 16:26:05.466 [http-nio-8080-exec-4] DEBUG o.s.security.web.FilterChainProxy - Securing GET /v3/api-docs
2025-12-30 16:26:05.466 [http-nio-8080-exec-4] DEBUG o.s.s.w.a.AnonymousAuthenticationFilter - Set SecurityContextHolder to anonymous SecurityContext
2025-12-30 16:26:05.467 [http-nio-8080-exec-4] DEBUG o.s.security.web.FilterChainProxy - Secured GET /v3/api-docs
2025-12-30 16:26:06.474 [http-nio-8080-exec-4] INFO  o.s.api.AbstractOpenApiResource - Init duration for springdoc-openapi is: 992 ms
2025-12-30 16:33:36.552 [http-nio-8080-exec-3] DEBUG o.s.security.web.FilterChainProxy - Securing POST /api/v1/users
2025-12-30 16:33:36.552 [http-nio-8080-exec-3] DEBUG o.s.s.w.a.AnonymousAuthenticationFilter - Set SecurityContextHolder to anonymous SecurityContext
2025-12-30 16:33:36.565 [http-nio-8080-exec-3] DEBUG o.s.s.w.a.Http403ForbiddenEntryPoint - Pre-authenticated entry point called. Rejecting access
2025-12-30 16:33:36.565 [http-nio-8080-exec-3] DEBUG o.s.security.web.FilterChainProxy - Securing GET /error
2025-12-30 16:33:36.565 [http-nio-8080-exec-3] DEBUG o.s.s.w.a.AnonymousAuthenticationFilter - Set SecurityContextHolder to anonymous SecurityContext
2025-12-30 16:33:36.565 [http-nio-8080-exec-3] DEBUG o.s.s.w.a.Http403ForbiddenEntryPoint - Pre-authenticated entry point called. Rejecting access
2025-12-30 16:33:38.880 [http-nio-8080-exec-8] DEBUG o.s.security.web.FilterChainProxy - Securing POST /api/v1/users
2025-12-30 16:33:38.880 [http-nio-8080-exec-8] DEBUG o.s.s.w.a.AnonymousAuthenticationFilter - Set SecurityContextHolder to anonymous SecurityContext
2025-12-30 16:33:38.882 [http-nio-8080-exec-8] DEBUG o.s.s.w.a.Http403ForbiddenEntryPoint - Pre-authenticated entry point called. Rejecting access
2025-12-30 16:33:38.888 [http-nio-8080-exec-8] DEBUG o.s.security.web.FilterChainProxy - Securing GET /error
2025-12-30 16:33:38.888 [http-nio-8080-exec-8] DEBUG o.s.s.w.a.AnonymousAuthenticationFilter - Set SecurityContextHolder to anonymous SecurityContext
2025-12-30 16:33:38.895 [http-nio-8080-exec-8] DEBUG o.s.s.w.a.Http403ForbiddenEntryPoint - Pre-authenticated entry point called. Rejecting access
2025-12-30 16:33:58.741 [http-nio-8080-exec-9] DEBUG o.s.security.web.FilterChainProxy - Securing GET /api/v1/users?page=0&size=10&sort=createdAt&direction=desc
2025-12-30 16:33:58.741 [http-nio-8080-exec-9] DEBUG o.s.s.w.a.AnonymousAuthenticationFilter - Set SecurityContextHolder to anonymous SecurityContext
2025-12-30 16:33:58.741 [http-nio-8080-exec-9] DEBUG o.s.s.w.a.Http403ForbiddenEntryPoint - Pre-authenticated entry point called. Rejecting access
2025-12-30 16:33:58.744 [http-nio-8080-exec-9] DEBUG o.s.security.web.FilterChainProxy - Securing GET /error?page=0&size=10&sort=createdAt&direction=desc
2025-12-30 16:33:58.745 [http-nio-8080-exec-9] DEBUG o.s.s.w.a.AnonymousAuthenticationFilter - Set SecurityContextHolder to anonymous SecurityContext
2025-12-30 16:33:58.745 [http-nio-8080-exec-9] DEBUG o.s.s.w.a.Http403ForbiddenEntryPoint - Pre-authenticated entry point called. Rejecting access
2025-12-30 16:39:11.847 [SpringApplicationShutdownHook] INFO  o.s.boot.tomcat.GracefulShutdown - Commencing graceful shutdown. Waiting for active requests to complete
2025-12-30 16:39:11.864 [tomcat-shutdown] INFO  o.s.boot.tomcat.GracefulShutdown - Graceful shutdown complete
2025-12-30 16:39:11.891 [SpringApplicationShutdownHook] INFO  o.s.o.j.LocalContainerEntityManagerFactoryBean - Closing JPA EntityManagerFactory for persistence unit 'default'
2025-12-30 16:39:11.913 [SpringApplicationShutdownHook] INFO  com.zaxxer.hikari.HikariDataSource - HikariPool-3 - Shutdown initiated...
2025-12-30 16:39:11.919 [SpringApplicationShutdownHook] INFO  com.zaxxer.hikari.HikariDataSource - HikariPool-3 - Shutdown completed.
2025-12-30 16:39:30.554 [restartedMain] INFO  com.example.quizz.QuizzApplication - Starting QuizzApplication using Java 21.0.9 with PID 19072 (D:\Assignment-BE\quizz\target\classes started by bichp in D:\Assignment-BE\quizz)
2025-12-30 16:39:30.557 [restartedMain] DEBUG com.example.quizz.QuizzApplication - Running with Spring Boot v4.0.1, Spring v7.0.2
2025-12-30 16:39:30.558 [restartedMain] INFO  com.example.quizz.QuizzApplication - No active profile set, falling back to 1 default profile: "default"
2025-12-30 16:39:30.603 [restartedMain] INFO  o.s.b.d.e.DevToolsPropertyDefaultsPostProcessor - Devtools property defaults active! Set 'spring.devtools.add-properties' to 'false' to disable
2025-12-30 16:39:30.603 [restartedMain] INFO  o.s.b.d.e.DevToolsPropertyDefaultsPostProcessor - For additional web related logging consider setting the 'logging.level.web' property to 'DEBUG'
2025-12-30 16:39:30.903 [background-preinit] INFO  o.h.validator.internal.util.Version - HV000001: Hibernate Validator 9.0.1.Final
2025-12-30 16:39:31.360 [restartedMain] INFO  o.s.d.r.c.RepositoryConfigurationDelegate - Bootstrapping Spring Data JPA repositories in DEFAULT mode.
2025-12-30 16:39:31.415 [restartedMain] INFO  o.s.d.r.c.RepositoryConfigurationDelegate - Finished Spring Data repository scanning in 47 ms. Found 6 JPA repository interfaces.
2025-12-30 16:39:32.061 [restartedMain] INFO  o.s.boot.tomcat.TomcatWebServer - Tomcat initialized with port 8080 (http)
2025-12-30 16:39:32.072 [restartedMain] INFO  o.a.coyote.http11.Http11NioProtocol - Initializing ProtocolHandler ["http-nio-8080"]
2025-12-30 16:39:32.074 [restartedMain] INFO  o.a.catalina.core.StandardService - Starting service [Tomcat]
2025-12-30 16:39:32.074 [restartedMain] INFO  o.a.catalina.core.StandardEngine - Starting Servlet engine: [Apache Tomcat/11.0.15]
2025-12-30 16:39:32.117 [restartedMain] INFO  o.s.b.w.c.s.WebApplicationContextInitializer - Root WebApplicationContext: initialization completed in 1512 ms
2025-12-30 16:39:32.302 [restartedMain] INFO  org.hibernate.orm.jpa - HHH008540: Processing PersistenceUnitInfo [name: default]
2025-12-30 16:39:32.362 [restartedMain] INFO  org.hibernate.orm.core - HHH000001: Hibernate ORM core version 7.2.0.Final
2025-12-30 16:39:32.752 [restartedMain] INFO  o.s.o.j.p.SpringPersistenceUnitInfo - No LoadTimeWeaver setup: ignoring JPA class transformer
2025-12-30 16:39:32.781 [restartedMain] INFO  com.zaxxer.hikari.HikariDataSource - HikariPool-1 - Starting...
2025-12-30 16:39:32.949 [restartedMain] INFO  com.zaxxer.hikari.pool.HikariPool - HikariPool-1 - Added connection org.postgresql.jdbc.PgConnection@2ff79ad
2025-12-30 16:39:32.952 [restartedMain] INFO  com.zaxxer.hikari.HikariDataSource - HikariPool-1 - Start completed.
2025-12-30 16:39:32.982 [restartedMain] WARN  org.hibernate.orm.deprecation - HHH90000025: PostgreSQLDialect does not need to be specified explicitly using 'hibernate.dialect' (remove the property setting and it will be selected by default)
2025-12-30 16:39:33.008 [restartedMain] INFO  o.hibernate.orm.connections.pooling - HHH10001005: Database info:
	Database JDBC URL [jdbc:postgresql://localhost:5432/quiz_db]
	Database driver: PostgreSQL JDBC Driver
	Database dialect: PostgreSQLDialect
	Database version: 18.1
	Default catalog/schema: quiz_db/public
	Autocommit mode: undefined/unknown
	Isolation level: READ_COMMITTED [default READ_COMMITTED]
	JDBC fetch size: none
	Pool: DataSourceConnectionProvider
	Minimum pool size: undefined/unknown
	Maximum pool size: undefined/unknown
2025-12-30 16:39:33.897 [restartedMain] INFO  org.hibernate.orm.core - HHH000489: No JTA platform available (set 'hibernate.transaction.jta.platform' to enable JTA platform integration)
2025-12-30 16:39:33.970 [restartedMain] INFO  o.s.o.j.LocalContainerEntityManagerFactoryBean - Initialized JPA EntityManagerFactory for persistence unit 'default'
2025-12-30 16:39:34.041 [restartedMain] INFO  o.s.d.j.r.q.QueryEnhancerFactories - Hibernate is in classpath; If applicable, HQL parser will be used.
2025-12-30 16:39:34.230 [restartedMain] DEBUG c.e.q.s.JwtAuthenticationFilter - Filter 'jwtAuthenticationFilter' configured for use
2025-12-30 16:39:34.309 [restartedMain] INFO  o.s.s.c.a.a.c.InitializeAuthenticationProviderBeanManagerConfigurer$InitializeAuthenticationProviderManagerConfigurer - Global AuthenticationManager configured with AuthenticationProvider bean with name authenticationProvider
2025-12-30 16:39:34.310 [restartedMain] WARN  o.s.s.c.a.a.c.InitializeUserDetailsBeanManagerConfigurer$InitializeUserDetailsManagerConfigurer - Global AuthenticationManager configured with an AuthenticationProvider bean. UserDetailsService beans will not be used by Spring Security for automatically configuring username/password login. Consider removing the AuthenticationProvider bean. Alternatively, consider using the UserDetailsService in a manually instantiated DaoAuthenticationProvider. If the current configuration is intentional, to turn off this warning, increase the logging level of 'org.springframework.security.config.annotation.authentication.configuration.InitializeUserDetailsBeanManagerConfigurer' to ERROR
2025-12-30 16:39:34.497 [restartedMain] WARN  o.s.b.j.a.JpaBaseConfiguration$JpaWebConfiguration - spring.jpa.open-in-view is enabled by default. Therefore, database queries may be performed during view rendering. Explicitly configure spring.jpa.open-in-view to disable this warning
2025-12-30 16:39:34.706 [restartedMain] DEBUG o.s.s.web.DefaultSecurityFilterChain - Will secure any request with filters: DisableEncodeUrlFilter, WebAsyncManagerIntegrationFilter, SecurityContextHolderFilter, HeaderWriterFilter, LogoutFilter, JwtAuthenticationFilter, RequestCacheAwareFilter, SecurityContextHolderAwareRequestFilter, AnonymousAuthenticationFilter, SessionManagementFilter, ExceptionTranslationFilter, AuthorizationFilter
2025-12-30 16:39:35.188 [restartedMain] INFO  o.s.b.a.e.web.EndpointLinksResolver - Exposing 3 endpoints beneath base path '/actuator'
2025-12-30 16:39:35.251 [restartedMain] INFO  o.a.coyote.http11.Http11NioProtocol - Starting ProtocolHandler ["http-nio-8080"]
2025-12-30 16:39:35.271 [restartedMain] INFO  o.s.boot.tomcat.TomcatWebServer - Tomcat started on port 8080 (http) with context path '/'
2025-12-30 16:39:35.278 [restartedMain] INFO  com.example.quizz.QuizzApplication - Started QuizzApplication in 5.19 seconds (process running for 5.586)
2025-12-30 16:40:03.580 [http-nio-8080-exec-1] INFO  o.a.c.c.C.[Tomcat].[localhost].[/] - Initializing Spring DispatcherServlet 'dispatcherServlet'
2025-12-30 16:40:03.582 [http-nio-8080-exec-1] INFO  o.s.web.servlet.DispatcherServlet - Initializing Servlet 'dispatcherServlet'
2025-12-30 16:40:03.586 [http-nio-8080-exec-1] INFO  o.s.web.servlet.DispatcherServlet - Completed initialization in 4 ms
2025-12-30 16:40:03.617 [http-nio-8080-exec-1] DEBUG o.s.security.web.FilterChainProxy - Securing POST /api/v1/users
2025-12-30 16:40:03.634 [http-nio-8080-exec-1] DEBUG o.s.s.w.a.AnonymousAuthenticationFilter - Set SecurityContextHolder to anonymous SecurityContext
2025-12-30 16:40:03.647 [http-nio-8080-exec-1] DEBUG o.s.s.w.a.Http403ForbiddenEntryPoint - Pre-authenticated entry point called. Rejecting access
2025-12-30 16:40:03.651 [http-nio-8080-exec-1] DEBUG o.s.security.web.FilterChainProxy - Securing GET /error
2025-12-30 16:40:03.651 [http-nio-8080-exec-1] DEBUG o.s.s.w.a.AnonymousAuthenticationFilter - Set SecurityContextHolder to anonymous SecurityContext
2025-12-30 16:40:03.651 [http-nio-8080-exec-1] DEBUG o.s.s.w.a.Http403ForbiddenEntryPoint - Pre-authenticated entry point called. Rejecting access
2025-12-30 16:40:59.839 [http-nio-8080-exec-3] DEBUG o.s.security.web.FilterChainProxy - Securing POST /api/v1/auth/register
2025-12-30 16:40:59.840 [http-nio-8080-exec-3] DEBUG o.s.s.w.a.AnonymousAuthenticationFilter - Set SecurityContextHolder to anonymous SecurityContext
2025-12-30 16:40:59.842 [http-nio-8080-exec-3] DEBUG o.s.security.web.FilterChainProxy - Secured POST /api/v1/auth/register
2025-12-30 16:41:00.162 [http-nio-8080-exec-3] WARN  o.s.w.s.m.m.a.ExceptionHandlerExceptionResolver - Resolved [org.springframework.web.bind.MethodArgumentNotValidException: Validation failed for argument [0] in public org.springframework.http.ResponseEntity<com.example.quizz.dto.response.AuthResponseDTO> com.example.quizz.controller.AuthController.register(com.example.quizz.dto.request.UserRequestDTO): [Field error in object 'userRequestDTO' on field 'password': rejected value [12345678]; codes [StrongPassword.userRequestDTO.password,StrongPassword.password,StrongPassword.java.lang.String,StrongPassword]; arguments [org.springframework.context.support.DefaultMessageSourceResolvable: codes [userRequestDTO.password,password]; arguments []; default message [password],8,true,true,true,true]; default message [Password must contain at least one uppercase, lowercase, digit and special character]] ]
2025-12-30 16:41:12.133 [http-nio-8080-exec-4] DEBUG o.s.security.web.FilterChainProxy - Securing POST /api/v1/auth/register
2025-12-30 16:41:12.134 [http-nio-8080-exec-4] DEBUG o.s.s.w.a.AnonymousAuthenticationFilter - Set SecurityContextHolder to anonymous SecurityContext
2025-12-30 16:41:12.135 [http-nio-8080-exec-4] DEBUG o.s.security.web.FilterChainProxy - Secured POST /api/v1/auth/register
2025-12-30 16:41:12.149 [http-nio-8080-exec-4] WARN  o.s.w.s.m.m.a.ExceptionHandlerExceptionResolver - Resolved [org.springframework.web.bind.MethodArgumentNotValidException: Validation failed for argument [0] in public org.springframework.http.ResponseEntity<com.example.quizz.dto.response.AuthResponseDTO> com.example.quizz.controller.AuthController.register(com.example.quizz.dto.request.UserRequestDTO): [Field error in object 'userRequestDTO' on field 'password': rejected value [@P123456]; codes [StrongPassword.userRequestDTO.password,StrongPassword.password,StrongPassword.java.lang.String,StrongPassword]; arguments [org.springframework.context.support.DefaultMessageSourceResolvable: codes [userRequestDTO.password,password]; arguments []; default message [password],8,true,true,true,true]; default message [Password must contain at least one uppercase, lowercase, digit and special character]] ]
2025-12-30 16:41:33.891 [http-nio-8080-exec-5] DEBUG o.s.security.web.FilterChainProxy - Securing POST /api/v1/auth/register
2025-12-30 16:41:33.892 [http-nio-8080-exec-5] DEBUG o.s.s.w.a.AnonymousAuthenticationFilter - Set SecurityContextHolder to anonymous SecurityContext
2025-12-30 16:41:33.893 [http-nio-8080-exec-5] DEBUG o.s.security.web.FilterChainProxy - Secured POST /api/v1/auth/register
2025-12-30 16:41:33.894 [http-nio-8080-exec-5] INFO  c.e.quizz.controller.AuthController - Registration request received for email: user@example.com
2025-12-30 16:41:33.901 [http-nio-8080-exec-5] INFO  c.e.q.service.impl.UserServiceImpl - Registering new user with email: user@example.com
2025-12-30 16:41:34.159 [http-nio-8080-exec-5] INFO  c.e.q.service.impl.UserServiceImpl - User registered successfully: user@example.com
2025-12-30 16:41:34.159 [http-nio-8080-exec-5] DEBUG com.example.quizz.security.JwtUtil - Generating JWT token for user: user@example.com
2025-12-30 16:41:34.271 [http-nio-8080-exec-5] DEBUG com.example.quizz.security.JwtUtil - Generating refresh token for user: user@example.com
2025-12-30 16:41:34.272 [http-nio-8080-exec-5] DEBUG c.e.q.service.impl.UserServiceImpl - JWT tokens generated for user: user@example.com
2025-12-30 16:42:45.939 [File Watcher] INFO  o.s.b.d.a.LocalDevToolsAutoConfiguration$RestartingClassPathChangeChangedEventListener - Restarting due to 1 class path change (0 additions, 0 deletions, 1 modification)
2025-12-30 16:42:45.945 [Thread-1] INFO  o.s.boot.tomcat.GracefulShutdown - Commencing graceful shutdown. Waiting for active requests to complete
2025-12-30 16:42:45.946 [tomcat-shutdown] INFO  o.a.coyote.http11.Http11NioProtocol - Pausing ProtocolHandler ["http-nio-8080"]
2025-12-30 16:42:45.950 [tomcat-shutdown] INFO  o.s.boot.tomcat.GracefulShutdown - Graceful shutdown complete
2025-12-30 16:42:45.951 [Thread-1] INFO  o.a.coyote.http11.Http11NioProtocol - Stopping ProtocolHandler ["http-nio-8080"]
2025-12-30 16:42:45.957 [Thread-1] INFO  o.s.o.j.LocalContainerEntityManagerFactoryBean - Closing JPA EntityManagerFactory for persistence unit 'default'
2025-12-30 16:42:45.960 [Thread-1] INFO  com.zaxxer.hikari.HikariDataSource - HikariPool-1 - Shutdown initiated...
2025-12-30 16:42:45.965 [Thread-1] INFO  com.zaxxer.hikari.HikariDataSource - HikariPool-1 - Shutdown completed.
2025-12-30 16:42:46.057 [restartedMain] INFO  com.example.quizz.QuizzApplication - Starting QuizzApplication using Java 21.0.9 with PID 19072 (D:\Assignment-BE\quizz\target\classes started by bichp in D:\Assignment-BE\quizz)
2025-12-30 16:42:46.058 [restartedMain] DEBUG com.example.quizz.QuizzApplication - Running with Spring Boot v4.0.1, Spring v7.0.2
2025-12-30 16:42:46.058 [restartedMain] INFO  com.example.quizz.QuizzApplication - No active profile set, falling back to 1 default profile: "default"
2025-12-30 16:42:46.331 [restartedMain] INFO  o.s.d.r.c.RepositoryConfigurationDelegate - Bootstrapping Spring Data JPA repositories in DEFAULT mode.
2025-12-30 16:42:46.354 [restartedMain] INFO  o.s.d.r.c.RepositoryConfigurationDelegate - Finished Spring Data repository scanning in 21 ms. Found 6 JPA repository interfaces.
2025-12-30 16:42:46.521 [restartedMain] INFO  o.s.boot.tomcat.TomcatWebServer - Tomcat initialized with port 8080 (http)
2025-12-30 16:42:46.523 [restartedMain] INFO  o.a.coyote.http11.Http11NioProtocol - Initializing ProtocolHandler ["http-nio-8080"]
2025-12-30 16:42:46.524 [restartedMain] INFO  o.a.catalina.core.StandardService - Starting service [Tomcat]
2025-12-30 16:42:46.524 [restartedMain] INFO  o.a.catalina.core.StandardEngine - Starting Servlet engine: [Apache Tomcat/11.0.15]
2025-12-30 16:42:46.580 [restartedMain] INFO  o.s.b.w.c.s.WebApplicationContextInitializer - Root WebApplicationContext: initialization completed in 518 ms
2025-12-30 16:42:46.694 [restartedMain] INFO  org.hibernate.orm.jpa - HHH008540: Processing PersistenceUnitInfo [name: default]
2025-12-30 16:42:46.716 [restartedMain] INFO  o.s.o.j.p.SpringPersistenceUnitInfo - No LoadTimeWeaver setup: ignoring JPA class transformer
2025-12-30 16:42:46.717 [restartedMain] INFO  com.zaxxer.hikari.HikariDataSource - HikariPool-2 - Starting...
2025-12-30 16:42:46.772 [restartedMain] INFO  com.zaxxer.hikari.pool.HikariPool - HikariPool-2 - Added connection org.postgresql.jdbc.PgConnection@3eac12f4
2025-12-30 16:42:46.773 [restartedMain] INFO  com.zaxxer.hikari.HikariDataSource - HikariPool-2 - Start completed.
2025-12-30 16:42:46.780 [restartedMain] WARN  org.hibernate.orm.deprecation - HHH90000025: PostgreSQLDialect does not need to be specified explicitly using 'hibernate.dialect' (remove the property setting and it will be selected by default)
2025-12-30 16:42:46.788 [restartedMain] INFO  o.hibernate.orm.connections.pooling - HHH10001005: Database info:
	Database JDBC URL [jdbc:postgresql://localhost:5432/quiz_db]
	Database driver: PostgreSQL JDBC Driver
	Database dialect: PostgreSQLDialect
	Database version: 18.1
	Default catalog/schema: quiz_db/public
	Autocommit mode: undefined/unknown
	Isolation level: READ_COMMITTED [default READ_COMMITTED]
	JDBC fetch size: none
	Pool: DataSourceConnectionProvider
	Minimum pool size: undefined/unknown
	Maximum pool size: undefined/unknown
2025-12-30 16:42:46.903 [restartedMain] INFO  org.hibernate.orm.core - HHH000489: No JTA platform available (set 'hibernate.transaction.jta.platform' to enable JTA platform integration)
2025-12-30 16:42:46.938 [restartedMain] INFO  o.s.o.j.LocalContainerEntityManagerFactoryBean - Initialized JPA EntityManagerFactory for persistence unit 'default'
2025-12-30 16:42:47.010 [restartedMain] DEBUG c.e.q.s.JwtAuthenticationFilter - Filter 'jwtAuthenticationFilter' configured for use
2025-12-30 16:42:47.022 [restartedMain] WARN  o.s.b.w.s.s.c.AnnotationConfigServletWebServerApplicationContext - Exception encountered during context initialization - cancelling refresh attempt: org.springframework.beans.factory.BeanCreationException: Error creating bean with name 'dataInitializer' defined in file [D:\Assignment-BE\quizz\target\classes\com\example\quizz\config\DataInitializer.class]: Failed to instantiate [com.example.quizz.config.DataInitializer$$SpringCGLIB$$0]: Constructor threw exception
2025-12-30 16:42:47.023 [restartedMain] INFO  o.s.o.j.LocalContainerEntityManagerFactoryBean - Closing JPA EntityManagerFactory for persistence unit 'default'
2025-12-30 16:42:47.023 [restartedMain] INFO  com.zaxxer.hikari.HikariDataSource - HikariPool-2 - Shutdown initiated...
2025-12-30 16:42:47.061 [restartedMain] INFO  com.zaxxer.hikari.HikariDataSource - HikariPool-2 - Shutdown completed.
2025-12-30 16:42:47.061 [restartedMain] INFO  o.a.catalina.core.StandardService - Stopping service [Tomcat]
2025-12-30 16:42:47.065 [restartedMain] INFO  o.s.b.a.l.ConditionEvaluationReportLogger - 

Error starting ApplicationContext. To display the condition evaluation report re-run your application with 'debug' enabled.
2025-12-30 16:42:47.077 [restartedMain] ERROR o.s.boot.SpringApplication - Application run failed
org.springframework.beans.factory.BeanCreationException: Error creating bean with name 'dataInitializer' defined in file [D:\Assignment-BE\quizz\target\classes\com\example\quizz\config\DataInitializer.class]: Failed to instantiate [com.example.quizz.config.DataInitializer$$SpringCGLIB$$0]: Constructor threw exception
	at org.springframework.beans.factory.support.AbstractAutowireCapableBeanFactory.instantiateBean(AbstractAutowireCapableBeanFactory.java:1344)
	at org.springframework.beans.factory.support.AbstractAutowireCapableBeanFactory.createBeanInstance(AbstractAutowireCapableBeanFactory.java:1231)
	at org.springframework.beans.factory.support.AbstractAutowireCapableBeanFactory.doCreateBean(AbstractAutowireCapableBeanFactory.java:565)
	at org.springframework.beans.factory.support.AbstractAutowireCapableBeanFactory.createBean(AbstractAutowireCapableBeanFactory.java:525)
	at org.springframework.beans.factory.support.AbstractBeanFactory.lambda$doGetBean$0(AbstractBeanFactory.java:333)
	at org.springframework.beans.factory.support.DefaultSingletonBeanRegistry.getSingleton(DefaultSingletonBeanRegistry.java:371)
	at org.springframework.beans.factory.support.AbstractBeanFactory.doGetBean(AbstractBeanFactory.java:331)
	at org.springframework.beans.factory.support.AbstractBeanFactory.getBean(AbstractBeanFactory.java:196)
	at org.springframework.beans.factory.support.DefaultListableBeanFactory.instantiateSingleton(DefaultListableBeanFactory.java:1218)
	at org.springframework.beans.factory.support.DefaultListableBeanFactory.preInstantiateSingleton(DefaultListableBeanFactory.java:1184)
	at org.springframework.beans.factory.support.DefaultListableBeanFactory.preInstantiateSingletons(DefaultListableBeanFactory.java:1121)
	at org.springframework.context.support.AbstractApplicationContext.finishBeanFactoryInitialization(AbstractApplicationContext.java:993)
	at org.springframework.context.support.AbstractApplicationContext.refresh(AbstractApplicationContext.java:620)
	at org.springframework.boot.web.server.servlet.context.ServletWebServerApplicationContext.refresh(ServletWebServerApplicationContext.java:143)
	at org.springframework.boot.SpringApplication.refresh(SpringApplication.java:756)
	at org.springframework.boot.SpringApplication.refreshContext(SpringApplication.java:445)
	at org.springframework.boot.SpringApplication.run(SpringApplication.java:321)
	at org.springframework.boot.SpringApplication.run(SpringApplication.java:1365)
	at org.springframework.boot.SpringApplication.run(SpringApplication.java:1354)
	at com.example.quizz.QuizzApplication.main(QuizzApplication.java:12)
	at java.base/jdk.internal.reflect.DirectMethodHandleAccessor.invoke(DirectMethodHandleAccessor.java:103)
	at java.base/java.lang.reflect.Method.invoke(Method.java:580)
	at org.springframework.boot.devtools.restart.RestartLauncher.run(RestartLauncher.java:52)
Caused by: org.springframework.beans.BeanInstantiationException: Failed to instantiate [com.example.quizz.config.DataInitializer$$SpringCGLIB$$0]: Constructor threw exception
	at org.springframework.beans.BeanUtils.instantiateClass(BeanUtils.java:224)
	at org.springframework.beans.factory.support.SimpleInstantiationStrategy.instantiate(SimpleInstantiationStrategy.java:106)
	at org.springframework.beans.factory.support.AbstractAutowireCapableBeanFactory.instantiateBean(AbstractAutowireCapableBeanFactory.java:1338)
	... 22 common frames omitted
Caused by: java.lang.Error: Unresolved compilation problem: 

	at com.example.quizz.config.DataInitializer.<init>(DataInitializer.java:21)
	at com.example.quizz.config.DataInitializer$$SpringCGLIB$$0.<init>(<generated>)
	at java.base/jdk.internal.reflect.DirectConstructorHandleAccessor.newInstance(DirectConstructorHandleAccessor.java:62)
	at java.base/java.lang.reflect.Constructor.newInstanceWithCaller(Constructor.java:502)
	at java.base/java.lang.reflect.Constructor.newInstance(Constructor.java:486)
	at org.springframework.beans.BeanUtils.instantiateClass(BeanUtils.java:198)
	... 24 common frames omitted
2025-12-30 16:42:56.721 [restartedMain] INFO  com.example.quizz.QuizzApplication - Starting QuizzApplication using Java 21.0.9 with PID 19072 (D:\Assignment-BE\quizz\target\classes started by bichp in D:\Assignment-BE\quizz)
2025-12-30 16:42:56.721 [restartedMain] DEBUG com.example.quizz.QuizzApplication - Running with Spring Boot v4.0.1, Spring v7.0.2
2025-12-30 16:42:56.722 [restartedMain] INFO  com.example.quizz.QuizzApplication - No active profile set, falling back to 1 default profile: "default"
2025-12-30 16:42:57.025 [restartedMain] INFO  o.s.d.r.c.RepositoryConfigurationDelegate - Bootstrapping Spring Data JPA repositories in DEFAULT mode.
2025-12-30 16:42:57.046 [restartedMain] INFO  o.s.d.r.c.RepositoryConfigurationDelegate - Finished Spring Data repository scanning in 19 ms. Found 6 JPA repository interfaces.
2025-12-30 16:42:57.234 [restartedMain] INFO  o.s.boot.tomcat.TomcatWebServer - Tomcat initialized with port 8080 (http)
2025-12-30 16:42:57.236 [restartedMain] INFO  o.a.coyote.http11.Http11NioProtocol - Initializing ProtocolHandler ["http-nio-8080"]
2025-12-30 16:42:57.236 [restartedMain] INFO  o.a.catalina.core.StandardService - Starting service [Tomcat]
2025-12-30 16:42:57.237 [restartedMain] INFO  o.a.catalina.core.StandardEngine - Starting Servlet engine: [Apache Tomcat/11.0.15]
2025-12-30 16:42:57.260 [restartedMain] INFO  o.s.b.w.c.s.WebApplicationContextInitializer - Root WebApplicationContext: initialization completed in 532 ms
2025-12-30 16:42:57.405 [restartedMain] INFO  org.hibernate.orm.jpa - HHH008540: Processing PersistenceUnitInfo [name: default]
2025-12-30 16:42:57.523 [restartedMain] INFO  o.s.o.j.p.SpringPersistenceUnitInfo - No LoadTimeWeaver setup: ignoring JPA class transformer
2025-12-30 16:42:57.525 [restartedMain] INFO  com.zaxxer.hikari.HikariDataSource - HikariPool-3 - Starting...
2025-12-30 16:42:57.595 [restartedMain] INFO  com.zaxxer.hikari.pool.HikariPool - HikariPool-3 - Added connection org.postgresql.jdbc.PgConnection@4e0ce7e
2025-12-30 16:42:57.596 [restartedMain] INFO  com.zaxxer.hikari.HikariDataSource - HikariPool-3 - Start completed.
2025-12-30 16:42:57.602 [restartedMain] WARN  org.hibernate.orm.deprecation - HHH90000025: PostgreSQLDialect does not need to be specified explicitly using 'hibernate.dialect' (remove the property setting and it will be selected by default)
2025-12-30 16:42:57.608 [restartedMain] INFO  o.hibernate.orm.connections.pooling - HHH10001005: Database info:
	Database JDBC URL [jdbc:postgresql://localhost:5432/quiz_db]
	Database driver: PostgreSQL JDBC Driver
	Database dialect: PostgreSQLDialect
	Database version: 18.1
	Default catalog/schema: quiz_db/public
	Autocommit mode: undefined/unknown
	Isolation level: READ_COMMITTED [default READ_COMMITTED]
	JDBC fetch size: none
	Pool: DataSourceConnectionProvider
	Minimum pool size: undefined/unknown
	Maximum pool size: undefined/unknown
2025-12-30 16:42:57.711 [restartedMain] INFO  org.hibernate.orm.core - HHH000489: No JTA platform available (set 'hibernate.transaction.jta.platform' to enable JTA platform integration)
2025-12-30 16:42:57.747 [restartedMain] INFO  o.s.o.j.LocalContainerEntityManagerFactoryBean - Initialized JPA EntityManagerFactory for persistence unit 'default'
2025-12-30 16:42:57.804 [restartedMain] DEBUG c.e.q.s.JwtAuthenticationFilter - Filter 'jwtAuthenticationFilter' configured for use
2025-12-30 16:42:57.817 [restartedMain] WARN  o.s.b.w.s.s.c.AnnotationConfigServletWebServerApplicationContext - Exception encountered during context initialization - cancelling refresh attempt: org.springframework.beans.factory.BeanCreationException: Error creating bean with name 'dataInitializer' defined in file [D:\Assignment-BE\quizz\target\classes\com\example\quizz\config\DataInitializer.class]: Failed to instantiate [com.example.quizz.config.DataInitializer$$SpringCGLIB$$0]: Constructor threw exception
2025-12-30 16:42:57.818 [restartedMain] INFO  o.s.o.j.LocalContainerEntityManagerFactoryBean - Closing JPA EntityManagerFactory for persistence unit 'default'
2025-12-30 16:42:57.819 [restartedMain] INFO  com.zaxxer.hikari.HikariDataSource - HikariPool-3 - Shutdown initiated...
2025-12-30 16:42:57.890 [restartedMain] INFO  com.zaxxer.hikari.HikariDataSource - HikariPool-3 - Shutdown completed.
2025-12-30 16:42:57.892 [restartedMain] INFO  o.a.catalina.core.StandardService - Stopping service [Tomcat]
2025-12-30 16:42:57.896 [restartedMain] INFO  o.s.b.a.l.ConditionEvaluationReportLogger - 

Error starting ApplicationContext. To display the condition evaluation report re-run your application with 'debug' enabled.
2025-12-30 16:42:57.899 [restartedMain] ERROR o.s.boot.SpringApplication - Application run failed
org.springframework.beans.factory.BeanCreationException: Error creating bean with name 'dataInitializer' defined in file [D:\Assignment-BE\quizz\target\classes\com\example\quizz\config\DataInitializer.class]: Failed to instantiate [com.example.quizz.config.DataInitializer$$SpringCGLIB$$0]: Constructor threw exception
	at org.springframework.beans.factory.support.AbstractAutowireCapableBeanFactory.instantiateBean(AbstractAutowireCapableBeanFactory.java:1344)
	at org.springframework.beans.factory.support.AbstractAutowireCapableBeanFactory.createBeanInstance(AbstractAutowireCapableBeanFactory.java:1231)
	at org.springframework.beans.factory.support.AbstractAutowireCapableBeanFactory.doCreateBean(AbstractAutowireCapableBeanFactory.java:565)
	at org.springframework.beans.factory.support.AbstractAutowireCapableBeanFactory.createBean(AbstractAutowireCapableBeanFactory.java:525)
	at org.springframework.beans.factory.support.AbstractBeanFactory.lambda$doGetBean$0(AbstractBeanFactory.java:333)
	at org.springframework.beans.factory.support.DefaultSingletonBeanRegistry.getSingleton(DefaultSingletonBeanRegistry.java:371)
	at org.springframework.beans.factory.support.AbstractBeanFactory.doGetBean(AbstractBeanFactory.java:331)
	at org.springframework.beans.factory.support.AbstractBeanFactory.getBean(AbstractBeanFactory.java:196)
	at org.springframework.beans.factory.support.DefaultListableBeanFactory.instantiateSingleton(DefaultListableBeanFactory.java:1218)
	at org.springframework.beans.factory.support.DefaultListableBeanFactory.preInstantiateSingleton(DefaultListableBeanFactory.java:1184)
	at org.springframework.beans.factory.support.DefaultListableBeanFactory.preInstantiateSingletons(DefaultListableBeanFactory.java:1121)
	at org.springframework.context.support.AbstractApplicationContext.finishBeanFactoryInitialization(AbstractApplicationContext.java:993)
	at org.springframework.context.support.AbstractApplicationContext.refresh(AbstractApplicationContext.java:620)
	at org.springframework.boot.web.server.servlet.context.ServletWebServerApplicationContext.refresh(ServletWebServerApplicationContext.java:143)
	at org.springframework.boot.SpringApplication.refresh(SpringApplication.java:756)
	at org.springframework.boot.SpringApplication.refreshContext(SpringApplication.java:445)
	at org.springframework.boot.SpringApplication.run(SpringApplication.java:321)
	at org.springframework.boot.SpringApplication.run(SpringApplication.java:1365)
	at org.springframework.boot.SpringApplication.run(SpringApplication.java:1354)
	at com.example.quizz.QuizzApplication.main(QuizzApplication.java:12)
	at java.base/jdk.internal.reflect.DirectMethodHandleAccessor.invoke(DirectMethodHandleAccessor.java:103)
	at java.base/java.lang.reflect.Method.invoke(Method.java:580)
	at org.springframework.boot.devtools.restart.RestartLauncher.run(RestartLauncher.java:52)
Caused by: org.springframework.beans.BeanInstantiationException: Failed to instantiate [com.example.quizz.config.DataInitializer$$SpringCGLIB$$0]: Constructor threw exception
	at org.springframework.beans.BeanUtils.instantiateClass(BeanUtils.java:224)
	at org.springframework.beans.factory.support.SimpleInstantiationStrategy.instantiate(SimpleInstantiationStrategy.java:106)
	at org.springframework.beans.factory.support.AbstractAutowireCapableBeanFactory.instantiateBean(AbstractAutowireCapableBeanFactory.java:1338)
	... 22 common frames omitted
Caused by: java.lang.Error: Unresolved compilation problem: 

	at com.example.quizz.config.DataInitializer.<init>(DataInitializer.java:21)
	at com.example.quizz.config.DataInitializer$$SpringCGLIB$$0.<init>(<generated>)
	at java.base/jdk.internal.reflect.DirectConstructorHandleAccessor.newInstance(DirectConstructorHandleAccessor.java:62)
	at java.base/java.lang.reflect.Constructor.newInstanceWithCaller(Constructor.java:502)
	at java.base/java.lang.reflect.Constructor.newInstance(Constructor.java:486)
	at org.springframework.beans.BeanUtils.instantiateClass(BeanUtils.java:198)
	... 24 common frames omitted
2025-12-30 16:42:59.381 [restartedMain] INFO  com.example.quizz.QuizzApplication - Starting QuizzApplication using Java 21.0.9 with PID 19072 (D:\Assignment-BE\quizz\target\classes started by bichp in D:\Assignment-BE\quizz)
2025-12-30 16:42:59.381 [restartedMain] DEBUG com.example.quizz.QuizzApplication - Running with Spring Boot v4.0.1, Spring v7.0.2
2025-12-30 16:42:59.381 [restartedMain] INFO  com.example.quizz.QuizzApplication - No active profile set, falling back to 1 default profile: "default"
2025-12-30 16:42:59.556 [restartedMain] INFO  o.s.d.r.c.RepositoryConfigurationDelegate - Bootstrapping Spring Data JPA repositories in DEFAULT mode.
2025-12-30 16:42:59.571 [restartedMain] INFO  o.s.d.r.c.RepositoryConfigurationDelegate - Finished Spring Data repository scanning in 13 ms. Found 6 JPA repository interfaces.
2025-12-30 16:42:59.676 [restartedMain] INFO  o.s.boot.tomcat.TomcatWebServer - Tomcat initialized with port 8080 (http)
2025-12-30 16:42:59.677 [restartedMain] INFO  o.a.coyote.http11.Http11NioProtocol - Initializing ProtocolHandler ["http-nio-8080"]
2025-12-30 16:42:59.677 [restartedMain] INFO  o.a.catalina.core.StandardService - Starting service [Tomcat]
2025-12-30 16:42:59.677 [restartedMain] INFO  o.a.catalina.core.StandardEngine - Starting Servlet engine: [Apache Tomcat/11.0.15]
2025-12-30 16:42:59.691 [restartedMain] INFO  o.s.b.w.c.s.WebApplicationContextInitializer - Root WebApplicationContext: initialization completed in 309 ms
2025-12-30 16:42:59.754 [restartedMain] INFO  org.hibernate.orm.jpa - HHH008540: Processing PersistenceUnitInfo [name: default]
2025-12-30 16:42:59.773 [restartedMain] INFO  o.s.o.j.p.SpringPersistenceUnitInfo - No LoadTimeWeaver setup: ignoring JPA class transformer
2025-12-30 16:42:59.774 [restartedMain] INFO  com.zaxxer.hikari.HikariDataSource - HikariPool-4 - Starting...
2025-12-30 16:42:59.816 [restartedMain] INFO  com.zaxxer.hikari.pool.HikariPool - HikariPool-4 - Added connection org.postgresql.jdbc.PgConnection@a1302c9
2025-12-30 16:42:59.816 [restartedMain] INFO  com.zaxxer.hikari.HikariDataSource - HikariPool-4 - Start completed.
2025-12-30 16:42:59.821 [restartedMain] WARN  org.hibernate.orm.deprecation - HHH90000025: PostgreSQLDialect does not need to be specified explicitly using 'hibernate.dialect' (remove the property setting and it will be selected by default)
2025-12-30 16:42:59.827 [restartedMain] INFO  o.hibernate.orm.connections.pooling - HHH10001005: Database info:
	Database JDBC URL [jdbc:postgresql://localhost:5432/quiz_db]
	Database driver: PostgreSQL JDBC Driver
	Database dialect: PostgreSQLDialect
	Database version: 18.1
	Default catalog/schema: quiz_db/public
	Autocommit mode: undefined/unknown
	Isolation level: READ_COMMITTED [default READ_COMMITTED]
	JDBC fetch size: none
	Pool: DataSourceConnectionProvider
	Minimum pool size: undefined/unknown
	Maximum pool size: undefined/unknown
2025-12-30 16:42:59.905 [restartedMain] INFO  org.hibernate.orm.core - HHH000489: No JTA platform available (set 'hibernate.transaction.jta.platform' to enable JTA platform integration)
2025-12-30 16:42:59.932 [restartedMain] INFO  o.s.o.j.LocalContainerEntityManagerFactoryBean - Initialized JPA EntityManagerFactory for persistence unit 'default'
2025-12-30 16:43:00.002 [restartedMain] DEBUG c.e.q.s.JwtAuthenticationFilter - Filter 'jwtAuthenticationFilter' configured for use
2025-12-30 16:43:00.013 [restartedMain] WARN  o.s.b.w.s.s.c.AnnotationConfigServletWebServerApplicationContext - Exception encountered during context initialization - cancelling refresh attempt: org.springframework.beans.factory.BeanCreationException: Error creating bean with name 'dataInitializer' defined in file [D:\Assignment-BE\quizz\target\classes\com\example\quizz\config\DataInitializer.class]: Failed to instantiate [com.example.quizz.config.DataInitializer$$SpringCGLIB$$0]: Constructor threw exception
2025-12-30 16:43:00.014 [restartedMain] INFO  o.s.o.j.LocalContainerEntityManagerFactoryBean - Closing JPA EntityManagerFactory for persistence unit 'default'
2025-12-30 16:43:00.014 [restartedMain] INFO  com.zaxxer.hikari.HikariDataSource - HikariPool-4 - Shutdown initiated...
2025-12-30 16:43:00.107 [restartedMain] INFO  com.zaxxer.hikari.HikariDataSource - HikariPool-4 - Shutdown completed.
2025-12-30 16:43:00.109 [restartedMain] INFO  o.a.catalina.core.StandardService - Stopping service [Tomcat]
2025-12-30 16:43:00.112 [restartedMain] INFO  o.s.b.a.l.ConditionEvaluationReportLogger - 

Error starting ApplicationContext. To display the condition evaluation report re-run your application with 'debug' enabled.
2025-12-30 16:43:00.113 [restartedMain] ERROR o.s.boot.SpringApplication - Application run failed
org.springframework.beans.factory.BeanCreationException: Error creating bean with name 'dataInitializer' defined in file [D:\Assignment-BE\quizz\target\classes\com\example\quizz\config\DataInitializer.class]: Failed to instantiate [com.example.quizz.config.DataInitializer$$SpringCGLIB$$0]: Constructor threw exception
	at org.springframework.beans.factory.support.AbstractAutowireCapableBeanFactory.instantiateBean(AbstractAutowireCapableBeanFactory.java:1344)
	at org.springframework.beans.factory.support.AbstractAutowireCapableBeanFactory.createBeanInstance(AbstractAutowireCapableBeanFactory.java:1231)
	at org.springframework.beans.factory.support.AbstractAutowireCapableBeanFactory.doCreateBean(AbstractAutowireCapableBeanFactory.java:565)
	at org.springframework.beans.factory.support.AbstractAutowireCapableBeanFactory.createBean(AbstractAutowireCapableBeanFactory.java:525)
	at org.springframework.beans.factory.support.AbstractBeanFactory.lambda$doGetBean$0(AbstractBeanFactory.java:333)
	at org.springframework.beans.factory.support.DefaultSingletonBeanRegistry.getSingleton(DefaultSingletonBeanRegistry.java:371)
	at org.springframework.beans.factory.support.AbstractBeanFactory.doGetBean(AbstractBeanFactory.java:331)
	at org.springframework.beans.factory.support.AbstractBeanFactory.getBean(AbstractBeanFactory.java:196)
	at org.springframework.beans.factory.support.DefaultListableBeanFactory.instantiateSingleton(DefaultListableBeanFactory.java:1218)
	at org.springframework.beans.factory.support.DefaultListableBeanFactory.preInstantiateSingleton(DefaultListableBeanFactory.java:1184)
	at org.springframework.beans.factory.support.DefaultListableBeanFactory.preInstantiateSingletons(DefaultListableBeanFactory.java:1121)
	at org.springframework.context.support.AbstractApplicationContext.finishBeanFactoryInitialization(AbstractApplicationContext.java:993)
	at org.springframework.context.support.AbstractApplicationContext.refresh(AbstractApplicationContext.java:620)
	at org.springframework.boot.web.server.servlet.context.ServletWebServerApplicationContext.refresh(ServletWebServerApplicationContext.java:143)
	at org.springframework.boot.SpringApplication.refresh(SpringApplication.java:756)
	at org.springframework.boot.SpringApplication.refreshContext(SpringApplication.java:445)
	at org.springframework.boot.SpringApplication.run(SpringApplication.java:321)
	at org.springframework.boot.SpringApplication.run(SpringApplication.java:1365)
	at org.springframework.boot.SpringApplication.run(SpringApplication.java:1354)
	at com.example.quizz.QuizzApplication.main(QuizzApplication.java:12)
	at java.base/jdk.internal.reflect.DirectMethodHandleAccessor.invoke(DirectMethodHandleAccessor.java:103)
	at java.base/java.lang.reflect.Method.invoke(Method.java:580)
	at org.springframework.boot.devtools.restart.RestartLauncher.run(RestartLauncher.java:52)
Caused by: org.springframework.beans.BeanInstantiationException: Failed to instantiate [com.example.quizz.config.DataInitializer$$SpringCGLIB$$0]: Constructor threw exception
	at org.springframework.beans.BeanUtils.instantiateClass(BeanUtils.java:224)
	at org.springframework.beans.factory.support.SimpleInstantiationStrategy.instantiate(SimpleInstantiationStrategy.java:106)
	at org.springframework.beans.factory.support.AbstractAutowireCapableBeanFactory.instantiateBean(AbstractAutowireCapableBeanFactory.java:1338)
	... 22 common frames omitted
Caused by: java.lang.Error: Unresolved compilation problem: 

	at com.example.quizz.config.DataInitializer.<init>(DataInitializer.java:21)
	at com.example.quizz.config.DataInitializer$$SpringCGLIB$$0.<init>(<generated>)
	at java.base/jdk.internal.reflect.DirectConstructorHandleAccessor.newInstance(DirectConstructorHandleAccessor.java:62)
	at java.base/java.lang.reflect.Constructor.newInstanceWithCaller(Constructor.java:502)
	at java.base/java.lang.reflect.Constructor.newInstance(Constructor.java:486)
	at org.springframework.beans.BeanUtils.instantiateClass(BeanUtils.java:198)
	... 24 common frames omitted
2025-12-30 16:44:08.565 [restartedMain] INFO  com.example.quizz.QuizzApplication - Starting QuizzApplication using Java 21.0.9 with PID 19072 (D:\Assignment-BE\quizz\target\classes started by bichp in D:\Assignment-BE\quizz)
2025-12-30 16:44:08.570 [restartedMain] DEBUG com.example.quizz.QuizzApplication - Running with Spring Boot v4.0.1, Spring v7.0.2
2025-12-30 16:44:08.587 [restartedMain] INFO  com.example.quizz.QuizzApplication - No active profile set, falling back to 1 default profile: "default"
2025-12-30 16:44:09.086 [restartedMain] INFO  o.s.d.r.c.RepositoryConfigurationDelegate - Bootstrapping Spring Data JPA repositories in DEFAULT mode.
2025-12-30 16:44:09.120 [restartedMain] INFO  o.s.d.r.c.RepositoryConfigurationDelegate - Finished Spring Data repository scanning in 32 ms. Found 6 JPA repository interfaces.
2025-12-30 16:44:09.360 [restartedMain] INFO  o.s.boot.tomcat.TomcatWebServer - Tomcat initialized with port 8080 (http)
2025-12-30 16:44:09.360 [restartedMain] INFO  o.a.coyote.http11.Http11NioProtocol - Initializing ProtocolHandler ["http-nio-8080"]
2025-12-30 16:44:09.362 [restartedMain] INFO  o.a.catalina.core.StandardService - Starting service [Tomcat]
2025-12-30 16:44:09.363 [restartedMain] INFO  o.a.catalina.core.StandardEngine - Starting Servlet engine: [Apache Tomcat/11.0.15]
2025-12-30 16:44:09.410 [restartedMain] INFO  o.s.b.w.c.s.WebApplicationContextInitializer - Root WebApplicationContext: initialization completed in 805 ms
2025-12-30 16:44:09.621 [restartedMain] INFO  org.hibernate.orm.jpa - HHH008540: Processing PersistenceUnitInfo [name: default]
2025-12-30 16:44:09.692 [restartedMain] INFO  o.s.o.j.p.SpringPersistenceUnitInfo - No LoadTimeWeaver setup: ignoring JPA class transformer
2025-12-30 16:44:09.692 [restartedMain] INFO  com.zaxxer.hikari.HikariDataSource - HikariPool-5 - Starting...
2025-12-30 16:44:09.768 [restartedMain] INFO  com.zaxxer.hikari.pool.HikariPool - HikariPool-5 - Added connection org.postgresql.jdbc.PgConnection@15d7ee13
2025-12-30 16:44:09.772 [restartedMain] INFO  com.zaxxer.hikari.HikariDataSource - HikariPool-5 - Start completed.
2025-12-30 16:44:09.779 [restartedMain] WARN  org.hibernate.orm.deprecation - HHH90000025: PostgreSQLDialect does not need to be specified explicitly using 'hibernate.dialect' (remove the property setting and it will be selected by default)
2025-12-30 16:44:09.789 [restartedMain] INFO  o.hibernate.orm.connections.pooling - HHH10001005: Database info:
	Database JDBC URL [jdbc:postgresql://localhost:5432/quiz_db]
	Database driver: PostgreSQL JDBC Driver
	Database dialect: PostgreSQLDialect
	Database version: 18.1
	Default catalog/schema: quiz_db/public
	Autocommit mode: undefined/unknown
	Isolation level: READ_COMMITTED [default READ_COMMITTED]
	JDBC fetch size: none
	Pool: DataSourceConnectionProvider
	Minimum pool size: undefined/unknown
	Maximum pool size: undefined/unknown
2025-12-30 16:44:09.947 [restartedMain] INFO  org.hibernate.orm.core - HHH000489: No JTA platform available (set 'hibernate.transaction.jta.platform' to enable JTA platform integration)
2025-12-30 16:44:09.988 [restartedMain] INFO  o.s.o.j.LocalContainerEntityManagerFactoryBean - Initialized JPA EntityManagerFactory for persistence unit 'default'
2025-12-30 16:44:10.085 [restartedMain] DEBUG c.e.q.s.JwtAuthenticationFilter - Filter 'jwtAuthenticationFilter' configured for use
2025-12-30 16:44:10.106 [restartedMain] WARN  o.s.b.w.s.s.c.AnnotationConfigServletWebServerApplicationContext - Exception encountered during context initialization - cancelling refresh attempt: org.springframework.beans.factory.BeanCreationException: Error creating bean with name 'dataInitializer' defined in file [D:\Assignment-BE\quizz\target\classes\com\example\quizz\config\DataInitializer.class]: Failed to instantiate [com.example.quizz.config.DataInitializer$$SpringCGLIB$$0]: Constructor threw exception
2025-12-30 16:44:10.106 [restartedMain] INFO  o.s.o.j.LocalContainerEntityManagerFactoryBean - Closing JPA EntityManagerFactory for persistence unit 'default'
2025-12-30 16:44:10.107 [restartedMain] INFO  com.zaxxer.hikari.HikariDataSource - HikariPool-5 - Shutdown initiated...
2025-12-30 16:44:10.197 [restartedMain] INFO  com.zaxxer.hikari.HikariDataSource - HikariPool-5 - Shutdown completed.
2025-12-30 16:44:10.200 [restartedMain] INFO  o.a.catalina.core.StandardService - Stopping service [Tomcat]
2025-12-30 16:44:10.207 [restartedMain] INFO  o.s.b.a.l.ConditionEvaluationReportLogger - 

Error starting ApplicationContext. To display the condition evaluation report re-run your application with 'debug' enabled.
2025-12-30 16:44:10.210 [restartedMain] ERROR o.s.boot.SpringApplication - Application run failed
org.springframework.beans.factory.BeanCreationException: Error creating bean with name 'dataInitializer' defined in file [D:\Assignment-BE\quizz\target\classes\com\example\quizz\config\DataInitializer.class]: Failed to instantiate [com.example.quizz.config.DataInitializer$$SpringCGLIB$$0]: Constructor threw exception
	at org.springframework.beans.factory.support.AbstractAutowireCapableBeanFactory.instantiateBean(AbstractAutowireCapableBeanFactory.java:1344)
	at org.springframework.beans.factory.support.AbstractAutowireCapableBeanFactory.createBeanInstance(AbstractAutowireCapableBeanFactory.java:1231)
	at org.springframework.beans.factory.support.AbstractAutowireCapableBeanFactory.doCreateBean(AbstractAutowireCapableBeanFactory.java:565)
	at org.springframework.beans.factory.support.AbstractAutowireCapableBeanFactory.createBean(AbstractAutowireCapableBeanFactory.java:525)
	at org.springframework.beans.factory.support.AbstractBeanFactory.lambda$doGetBean$0(AbstractBeanFactory.java:333)
	at org.springframework.beans.factory.support.DefaultSingletonBeanRegistry.getSingleton(DefaultSingletonBeanRegistry.java:371)
	at org.springframework.beans.factory.support.AbstractBeanFactory.doGetBean(AbstractBeanFactory.java:331)
	at org.springframework.beans.factory.support.AbstractBeanFactory.getBean(AbstractBeanFactory.java:196)
	at org.springframework.beans.factory.support.DefaultListableBeanFactory.instantiateSingleton(DefaultListableBeanFactory.java:1218)
	at org.springframework.beans.factory.support.DefaultListableBeanFactory.preInstantiateSingleton(DefaultListableBeanFactory.java:1184)
	at org.springframework.beans.factory.support.DefaultListableBeanFactory.preInstantiateSingletons(DefaultListableBeanFactory.java:1121)
	at org.springframework.context.support.AbstractApplicationContext.finishBeanFactoryInitialization(AbstractApplicationContext.java:993)
	at org.springframework.context.support.AbstractApplicationContext.refresh(AbstractApplicationContext.java:620)
	at org.springframework.boot.web.server.servlet.context.ServletWebServerApplicationContext.refresh(ServletWebServerApplicationContext.java:143)
	at org.springframework.boot.SpringApplication.refresh(SpringApplication.java:756)
	at org.springframework.boot.SpringApplication.refreshContext(SpringApplication.java:445)
	at org.springframework.boot.SpringApplication.run(SpringApplication.java:321)
	at org.springframework.boot.SpringApplication.run(SpringApplication.java:1365)
	at org.springframework.boot.SpringApplication.run(SpringApplication.java:1354)
	at com.example.quizz.QuizzApplication.main(QuizzApplication.java:12)
	at java.base/jdk.internal.reflect.DirectMethodHandleAccessor.invoke(DirectMethodHandleAccessor.java:103)
	at java.base/java.lang.reflect.Method.invoke(Method.java:580)
	at org.springframework.boot.devtools.restart.RestartLauncher.run(RestartLauncher.java:52)
Caused by: org.springframework.beans.BeanInstantiationException: Failed to instantiate [com.example.quizz.config.DataInitializer$$SpringCGLIB$$0]: Constructor threw exception
	at org.springframework.beans.BeanUtils.instantiateClass(BeanUtils.java:224)
	at org.springframework.beans.factory.support.SimpleInstantiationStrategy.instantiate(SimpleInstantiationStrategy.java:106)
	at org.springframework.beans.factory.support.AbstractAutowireCapableBeanFactory.instantiateBean(AbstractAutowireCapableBeanFactory.java:1338)
	... 22 common frames omitted
Caused by: java.lang.Error: Unresolved compilation problem: 

	at com.example.quizz.config.DataInitializer.<init>(DataInitializer.java:23)
	at com.example.quizz.config.DataInitializer$$SpringCGLIB$$0.<init>(<generated>)
	at java.base/jdk.internal.reflect.DirectConstructorHandleAccessor.newInstance(DirectConstructorHandleAccessor.java:62)
	at java.base/java.lang.reflect.Constructor.newInstanceWithCaller(Constructor.java:502)
	at java.base/java.lang.reflect.Constructor.newInstance(Constructor.java:486)
	at org.springframework.beans.BeanUtils.instantiateClass(BeanUtils.java:198)
	... 24 common frames omitted
2025-12-30 16:44:11.694 [restartedMain] INFO  com.example.quizz.QuizzApplication - Starting QuizzApplication using Java 21.0.9 with PID 19072 (D:\Assignment-BE\quizz\target\classes started by bichp in D:\Assignment-BE\quizz)
2025-12-30 16:44:11.695 [restartedMain] DEBUG com.example.quizz.QuizzApplication - Running with Spring Boot v4.0.1, Spring v7.0.2
2025-12-30 16:44:11.695 [restartedMain] INFO  com.example.quizz.QuizzApplication - No active profile set, falling back to 1 default profile: "default"
2025-12-30 16:44:12.115 [restartedMain] INFO  o.s.d.r.c.RepositoryConfigurationDelegate - Bootstrapping Spring Data JPA repositories in DEFAULT mode.
2025-12-30 16:44:12.147 [restartedMain] INFO  o.s.d.r.c.RepositoryConfigurationDelegate - Finished Spring Data repository scanning in 30 ms. Found 6 JPA repository interfaces.
2025-12-30 16:44:12.418 [restartedMain] INFO  o.s.boot.tomcat.TomcatWebServer - Tomcat initialized with port 8080 (http)
2025-12-30 16:44:12.419 [restartedMain] INFO  o.a.coyote.http11.Http11NioProtocol - Initializing ProtocolHandler ["http-nio-8080"]
2025-12-30 16:44:12.419 [restartedMain] INFO  o.a.catalina.core.StandardService - Starting service [Tomcat]
2025-12-30 16:44:12.419 [restartedMain] INFO  o.a.catalina.core.StandardEngine - Starting Servlet engine: [Apache Tomcat/11.0.15]
2025-12-30 16:44:12.462 [restartedMain] INFO  o.s.b.w.c.s.WebApplicationContextInitializer - Root WebApplicationContext: initialization completed in 765 ms
2025-12-30 16:44:12.588 [restartedMain] INFO  org.hibernate.orm.jpa - HHH008540: Processing PersistenceUnitInfo [name: default]
2025-12-30 16:44:12.629 [restartedMain] INFO  o.s.o.j.p.SpringPersistenceUnitInfo - No LoadTimeWeaver setup: ignoring JPA class transformer
2025-12-30 16:44:12.631 [restartedMain] INFO  com.zaxxer.hikari.HikariDataSource - HikariPool-6 - Starting...
2025-12-30 16:44:12.723 [restartedMain] INFO  com.zaxxer.hikari.pool.HikariPool - HikariPool-6 - Added connection org.postgresql.jdbc.PgConnection@49db61bd
2025-12-30 16:44:12.723 [restartedMain] INFO  com.zaxxer.hikari.HikariDataSource - HikariPool-6 - Start completed.
2025-12-30 16:44:12.733 [restartedMain] WARN  org.hibernate.orm.deprecation - HHH90000025: PostgreSQLDialect does not need to be specified explicitly using 'hibernate.dialect' (remove the property setting and it will be selected by default)
2025-12-30 16:44:12.744 [restartedMain] INFO  o.hibernate.orm.connections.pooling - HHH10001005: Database info:
	Database JDBC URL [jdbc:postgresql://localhost:5432/quiz_db]
	Database driver: PostgreSQL JDBC Driver
	Database dialect: PostgreSQLDialect
	Database version: 18.1
	Default catalog/schema: quiz_db/public
	Autocommit mode: undefined/unknown
	Isolation level: READ_COMMITTED [default READ_COMMITTED]
	JDBC fetch size: none
	Pool: DataSourceConnectionProvider
	Minimum pool size: undefined/unknown
	Maximum pool size: undefined/unknown
2025-12-30 16:44:12.922 [restartedMain] INFO  org.hibernate.orm.core - HHH000489: No JTA platform available (set 'hibernate.transaction.jta.platform' to enable JTA platform integration)
2025-12-30 16:44:12.966 [restartedMain] INFO  o.s.o.j.LocalContainerEntityManagerFactoryBean - Initialized JPA EntityManagerFactory for persistence unit 'default'
2025-12-30 16:44:13.102 [restartedMain] DEBUG c.e.q.s.JwtAuthenticationFilter - Filter 'jwtAuthenticationFilter' configured for use
2025-12-30 16:44:13.198 [restartedMain] INFO  o.s.s.c.a.a.c.InitializeAuthenticationProviderBeanManagerConfigurer$InitializeAuthenticationProviderManagerConfigurer - Global AuthenticationManager configured with AuthenticationProvider bean with name authenticationProvider
2025-12-30 16:44:13.198 [restartedMain] WARN  o.s.s.c.a.a.c.InitializeUserDetailsBeanManagerConfigurer$InitializeUserDetailsManagerConfigurer - Global AuthenticationManager configured with an AuthenticationProvider bean. UserDetailsService beans will not be used by Spring Security for automatically configuring username/password login. Consider removing the AuthenticationProvider bean. Alternatively, consider using the UserDetailsService in a manually instantiated DaoAuthenticationProvider. If the current configuration is intentional, to turn off this warning, increase the logging level of 'org.springframework.security.config.annotation.authentication.configuration.InitializeUserDetailsBeanManagerConfigurer' to ERROR
2025-12-30 16:44:13.470 [restartedMain] WARN  o.s.b.j.a.JpaBaseConfiguration$JpaWebConfiguration - spring.jpa.open-in-view is enabled by default. Therefore, database queries may be performed during view rendering. Explicitly configure spring.jpa.open-in-view to disable this warning
2025-12-30 16:44:13.769 [restartedMain] DEBUG o.s.s.web.DefaultSecurityFilterChain - Will secure any request with filters: DisableEncodeUrlFilter, WebAsyncManagerIntegrationFilter, SecurityContextHolderFilter, HeaderWriterFilter, LogoutFilter, JwtAuthenticationFilter, RequestCacheAwareFilter, SecurityContextHolderAwareRequestFilter, AnonymousAuthenticationFilter, SessionManagementFilter, ExceptionTranslationFilter, AuthorizationFilter
2025-12-30 16:44:14.369 [restartedMain] INFO  o.s.b.a.e.web.EndpointLinksResolver - Exposing 3 endpoints beneath base path '/actuator'
2025-12-30 16:44:14.444 [restartedMain] INFO  o.a.coyote.http11.Http11NioProtocol - Starting ProtocolHandler ["http-nio-8080"]
2025-12-30 16:44:14.452 [restartedMain] INFO  o.s.boot.tomcat.TomcatWebServer - Tomcat started on port 8080 (http) with context path '/'
2025-12-30 16:44:14.458 [restartedMain] INFO  com.example.quizz.QuizzApplication - Started QuizzApplication in 2.804 seconds (process running for 284.765)
2025-12-30 16:44:14.459 [restartedMain] INFO  c.e.quizz.config.DataInitializer - ========================================
2025-12-30 16:44:14.459 [restartedMain] INFO  c.e.quizz.config.DataInitializer - Starting data initialization...
2025-12-30 16:44:14.459 [restartedMain] INFO  c.e.quizz.config.DataInitializer - ========================================
2025-12-30 16:44:14.526 [restartedMain] INFO  o.s.b.a.l.ConditionEvaluationReportLogger - 

Error starting ApplicationContext. To display the condition evaluation report re-run your application with 'debug' enabled.
2025-12-30 16:44:14.528 [restartedMain] ERROR o.s.boot.SpringApplication - Application run failed
java.lang.Error: Unresolved compilation problem: 
	The method isActive(boolean) is undefined for the type User.UserBuilder

	at com.example.quizz.config.DataInitializer.createAdminUser(DataInitializer.java:104)
	at com.example.quizz.config.DataInitializer.lambda$0(DataInitializer.java:46)
	at org.springframework.boot.SpringApplication.lambda$callRunner$1(SpringApplication.java:792)
	at org.springframework.util.function.ThrowingConsumer$1.acceptWithException(ThrowingConsumer.java:82)
	at org.springframework.util.function.ThrowingConsumer.accept(ThrowingConsumer.java:60)
	at org.springframework.util.function.ThrowingConsumer$1.accept(ThrowingConsumer.java:86)
	at org.springframework.boot.SpringApplication.callRunner(SpringApplication.java:800)
	at org.springframework.boot.SpringApplication.callRunner(SpringApplication.java:791)
	at org.springframework.boot.SpringApplication.lambda$callRunners$0(SpringApplication.java:776)
	at java.base/java.util.stream.ForEachOps$ForEachOp$OfRef.accept(ForEachOps.java:184)
	at java.base/java.util.stream.SortedOps$SizedRefSortingSink.end(SortedOps.java:357)
	at java.base/java.util.stream.AbstractPipeline.copyInto(AbstractPipeline.java:510)
	at java.base/java.util.stream.AbstractPipeline.wrapAndCopyInto(AbstractPipeline.java:499)
	at java.base/java.util.stream.ForEachOps$ForEachOp.evaluateSequential(ForEachOps.java:151)
	at java.base/java.util.stream.ForEachOps$ForEachOp$OfRef.evaluateSequential(ForEachOps.java:174)
	at java.base/java.util.stream.AbstractPipeline.evaluate(AbstractPipeline.java:234)
	at java.base/java.util.stream.ReferencePipeline.forEach(ReferencePipeline.java:596)
	at org.springframework.boot.SpringApplication.callRunners(SpringApplication.java:776)
	at org.springframework.boot.SpringApplication.run(SpringApplication.java:328)
	at org.springframework.boot.SpringApplication.run(SpringApplication.java:1365)
	at org.springframework.boot.SpringApplication.run(SpringApplication.java:1354)
	at com.example.quizz.QuizzApplication.main(QuizzApplication.java:12)
	at java.base/jdk.internal.reflect.DirectMethodHandleAccessor.invoke(DirectMethodHandleAccessor.java:103)
	at java.base/java.lang.reflect.Method.invoke(Method.java:580)
	at org.springframework.boot.devtools.restart.RestartLauncher.run(RestartLauncher.java:52)
2025-12-30 16:44:14.530 [restartedMain] INFO  o.s.boot.tomcat.GracefulShutdown - Commencing graceful shutdown. Waiting for active requests to complete
2025-12-30 16:44:14.531 [tomcat-shutdown] INFO  o.s.boot.tomcat.GracefulShutdown - Graceful shutdown complete
2025-12-30 16:44:14.531 [restartedMain] INFO  o.s.o.j.LocalContainerEntityManagerFactoryBean - Closing JPA EntityManagerFactory for persistence unit 'default'
2025-12-30 16:44:14.540 [restartedMain] INFO  com.zaxxer.hikari.HikariDataSource - HikariPool-6 - Shutdown initiated...
2025-12-30 16:44:14.542 [restartedMain] INFO  com.zaxxer.hikari.HikariDataSource - HikariPool-6 - Shutdown completed.
2025-12-30 16:46:55.069 [restartedMain] INFO  com.example.quizz.QuizzApplication - Starting QuizzApplication using Java 21.0.9 with PID 19072 (D:\Assignment-BE\quizz\target\classes started by bichp in D:\Assignment-BE\quizz)
2025-12-30 16:46:55.069 [restartedMain] DEBUG com.example.quizz.QuizzApplication - Running with Spring Boot v4.0.1, Spring v7.0.2
2025-12-30 16:46:55.069 [restartedMain] INFO  com.example.quizz.QuizzApplication - No active profile set, falling back to 1 default profile: "default"
2025-12-30 16:46:55.286 [restartedMain] INFO  o.s.d.r.c.RepositoryConfigurationDelegate - Bootstrapping Spring Data JPA repositories in DEFAULT mode.
2025-12-30 16:46:55.301 [restartedMain] INFO  o.s.d.r.c.RepositoryConfigurationDelegate - Finished Spring Data repository scanning in 13 ms. Found 6 JPA repository interfaces.
2025-12-30 16:46:55.440 [restartedMain] INFO  o.s.boot.tomcat.TomcatWebServer - Tomcat initialized with port 8080 (http)
2025-12-30 16:46:55.442 [restartedMain] INFO  o.a.coyote.http11.Http11NioProtocol - Initializing ProtocolHandler ["http-nio-8080"]
2025-12-30 16:46:55.442 [restartedMain] INFO  o.a.catalina.core.StandardService - Starting service [Tomcat]
2025-12-30 16:46:55.442 [restartedMain] INFO  o.a.catalina.core.StandardEngine - Starting Servlet engine: [Apache Tomcat/11.0.15]
2025-12-30 16:46:55.454 [restartedMain] INFO  o.s.b.w.c.s.WebApplicationContextInitializer - Root WebApplicationContext: initialization completed in 383 ms
2025-12-30 16:46:55.527 [restartedMain] INFO  org.hibernate.orm.jpa - HHH008540: Processing PersistenceUnitInfo [name: default]
2025-12-30 16:46:55.548 [restartedMain] INFO  o.s.o.j.p.SpringPersistenceUnitInfo - No LoadTimeWeaver setup: ignoring JPA class transformer
2025-12-30 16:46:55.549 [restartedMain] INFO  com.zaxxer.hikari.HikariDataSource - HikariPool-7 - Starting...
2025-12-30 16:46:55.591 [restartedMain] INFO  com.zaxxer.hikari.pool.HikariPool - HikariPool-7 - Added connection org.postgresql.jdbc.PgConnection@41b76839
2025-12-30 16:46:55.592 [restartedMain] INFO  com.zaxxer.hikari.HikariDataSource - HikariPool-7 - Start completed.
2025-12-30 16:46:55.599 [restartedMain] WARN  org.hibernate.orm.deprecation - HHH90000025: PostgreSQLDialect does not need to be specified explicitly using 'hibernate.dialect' (remove the property setting and it will be selected by default)
2025-12-30 16:46:55.604 [restartedMain] INFO  o.hibernate.orm.connections.pooling - HHH10001005: Database info:
	Database JDBC URL [jdbc:postgresql://localhost:5432/quiz_db]
	Database driver: PostgreSQL JDBC Driver
	Database dialect: PostgreSQLDialect
	Database version: 18.1
	Default catalog/schema: quiz_db/public
	Autocommit mode: undefined/unknown
	Isolation level: READ_COMMITTED [default READ_COMMITTED]
	JDBC fetch size: none
	Pool: DataSourceConnectionProvider
	Minimum pool size: undefined/unknown
	Maximum pool size: undefined/unknown
2025-12-30 16:46:55.689 [restartedMain] INFO  org.hibernate.orm.core - HHH000489: No JTA platform available (set 'hibernate.transaction.jta.platform' to enable JTA platform integration)
2025-12-30 16:46:55.718 [restartedMain] INFO  o.s.o.j.LocalContainerEntityManagerFactoryBean - Initialized JPA EntityManagerFactory for persistence unit 'default'
2025-12-30 16:46:55.786 [restartedMain] DEBUG c.e.q.s.JwtAuthenticationFilter - Filter 'jwtAuthenticationFilter' configured for use
2025-12-30 16:46:55.826 [restartedMain] INFO  o.s.s.c.a.a.c.InitializeAuthenticationProviderBeanManagerConfigurer$InitializeAuthenticationProviderManagerConfigurer - Global AuthenticationManager configured with AuthenticationProvider bean with name authenticationProvider
2025-12-30 16:46:55.826 [restartedMain] WARN  o.s.s.c.a.a.c.InitializeUserDetailsBeanManagerConfigurer$InitializeUserDetailsManagerConfigurer - Global AuthenticationManager configured with an AuthenticationProvider bean. UserDetailsService beans will not be used by Spring Security for automatically configuring username/password login. Consider removing the AuthenticationProvider bean. Alternatively, consider using the UserDetailsService in a manually instantiated DaoAuthenticationProvider. If the current configuration is intentional, to turn off this warning, increase the logging level of 'org.springframework.security.config.annotation.authentication.configuration.InitializeUserDetailsBeanManagerConfigurer' to ERROR
2025-12-30 16:46:55.947 [restartedMain] WARN  o.s.b.j.a.JpaBaseConfiguration$JpaWebConfiguration - spring.jpa.open-in-view is enabled by default. Therefore, database queries may be performed during view rendering. Explicitly configure spring.jpa.open-in-view to disable this warning
2025-12-30 16:46:56.047 [restartedMain] DEBUG o.s.s.web.DefaultSecurityFilterChain - Will secure any request with filters: DisableEncodeUrlFilter, WebAsyncManagerIntegrationFilter, SecurityContextHolderFilter, HeaderWriterFilter, LogoutFilter, JwtAuthenticationFilter, RequestCacheAwareFilter, SecurityContextHolderAwareRequestFilter, AnonymousAuthenticationFilter, SessionManagementFilter, ExceptionTranslationFilter, AuthorizationFilter
2025-12-30 16:46:56.257 [restartedMain] INFO  o.s.b.a.e.web.EndpointLinksResolver - Exposing 3 endpoints beneath base path '/actuator'
2025-12-30 16:46:56.289 [restartedMain] INFO  o.a.coyote.http11.Http11NioProtocol - Starting ProtocolHandler ["http-nio-8080"]
2025-12-30 16:46:56.293 [restartedMain] INFO  o.s.boot.tomcat.TomcatWebServer - Tomcat started on port 8080 (http) with context path '/'
2025-12-30 16:46:56.296 [restartedMain] INFO  com.example.quizz.QuizzApplication - Started QuizzApplication in 1.254 seconds (process running for 446.604)
2025-12-30 16:46:56.297 [restartedMain] INFO  c.e.quizz.config.DataInitializer - ========================================
2025-12-30 16:46:56.298 [restartedMain] INFO  c.e.quizz.config.DataInitializer - Starting data initialization...
2025-12-30 16:46:56.298 [restartedMain] INFO  c.e.quizz.config.DataInitializer - ========================================
2025-12-30 16:46:56.331 [restartedMain] INFO  o.s.b.a.l.ConditionEvaluationReportLogger - 

Error starting ApplicationContext. To display the condition evaluation report re-run your application with 'debug' enabled.
2025-12-30 16:46:56.332 [restartedMain] ERROR o.s.boot.SpringApplication - Application run failed
java.lang.Error: Unresolved compilation problem: 
	The method isActive(boolean) is undefined for the type User.UserBuilder

	at com.example.quizz.config.DataInitializer.createAdminUser(DataInitializer.java:104)
	at com.example.quizz.config.DataInitializer.lambda$0(DataInitializer.java:46)
	at org.springframework.boot.SpringApplication.lambda$callRunner$1(SpringApplication.java:792)
	at org.springframework.util.function.ThrowingConsumer$1.acceptWithException(ThrowingConsumer.java:82)
	at org.springframework.util.function.ThrowingConsumer.accept(ThrowingConsumer.java:60)
	at org.springframework.util.function.ThrowingConsumer$1.accept(ThrowingConsumer.java:86)
	at org.springframework.boot.SpringApplication.callRunner(SpringApplication.java:800)
	at org.springframework.boot.SpringApplication.callRunner(SpringApplication.java:791)
	at org.springframework.boot.SpringApplication.lambda$callRunners$0(SpringApplication.java:776)
	at java.base/java.util.stream.ForEachOps$ForEachOp$OfRef.accept(ForEachOps.java:184)
	at java.base/java.util.stream.SortedOps$SizedRefSortingSink.end(SortedOps.java:357)
	at java.base/java.util.stream.AbstractPipeline.copyInto(AbstractPipeline.java:510)
	at java.base/java.util.stream.AbstractPipeline.wrapAndCopyInto(AbstractPipeline.java:499)
	at java.base/java.util.stream.ForEachOps$ForEachOp.evaluateSequential(ForEachOps.java:151)
	at java.base/java.util.stream.ForEachOps$ForEachOp$OfRef.evaluateSequential(ForEachOps.java:174)
	at java.base/java.util.stream.AbstractPipeline.evaluate(AbstractPipeline.java:234)
	at java.base/java.util.stream.ReferencePipeline.forEach(ReferencePipeline.java:596)
	at org.springframework.boot.SpringApplication.callRunners(SpringApplication.java:776)
	at org.springframework.boot.SpringApplication.run(SpringApplication.java:328)
	at org.springframework.boot.SpringApplication.run(SpringApplication.java:1365)
	at org.springframework.boot.SpringApplication.run(SpringApplication.java:1354)
	at com.example.quizz.QuizzApplication.main(QuizzApplication.java:12)
	at java.base/jdk.internal.reflect.DirectMethodHandleAccessor.invoke(DirectMethodHandleAccessor.java:103)
	at java.base/java.lang.reflect.Method.invoke(Method.java:580)
	at org.springframework.boot.devtools.restart.RestartLauncher.run(RestartLauncher.java:52)
2025-12-30 16:46:56.334 [restartedMain] INFO  o.s.boot.tomcat.GracefulShutdown - Commencing graceful shutdown. Waiting for active requests to complete
2025-12-30 16:46:56.336 [tomcat-shutdown] INFO  o.s.boot.tomcat.GracefulShutdown - Graceful shutdown complete
2025-12-30 16:46:56.338 [restartedMain] INFO  o.s.o.j.LocalContainerEntityManagerFactoryBean - Closing JPA EntityManagerFactory for persistence unit 'default'
2025-12-30 16:46:56.339 [restartedMain] INFO  com.zaxxer.hikari.HikariDataSource - HikariPool-7 - Shutdown initiated...
2025-12-30 16:46:56.500 [restartedMain] INFO  com.zaxxer.hikari.HikariDataSource - HikariPool-7 - Shutdown completed.
2025-12-30 16:50:37.501 [restartedMain] INFO  com.example.quizz.QuizzApplication - Starting QuizzApplication using Java 21.0.9 with PID 11588 (D:\Assignment-BE\quizz\target\classes started by bichp in D:\Assignment-BE\quizz)
2025-12-30 16:50:37.501 [restartedMain] DEBUG com.example.quizz.QuizzApplication - Running with Spring Boot v4.0.1, Spring v7.0.2
2025-12-30 16:50:37.501 [restartedMain] INFO  com.example.quizz.QuizzApplication - No active profile set, falling back to 1 default profile: "default"
2025-12-30 16:50:37.562 [restartedMain] INFO  o.s.b.d.e.DevToolsPropertyDefaultsPostProcessor - Devtools property defaults active! Set 'spring.devtools.add-properties' to 'false' to disable
2025-12-30 16:50:37.563 [restartedMain] INFO  o.s.b.d.e.DevToolsPropertyDefaultsPostProcessor - For additional web related logging consider setting the 'logging.level.web' property to 'DEBUG'
2025-12-30 16:50:38.124 [background-preinit] INFO  o.h.validator.internal.util.Version - HV000001: Hibernate Validator 9.0.1.Final
2025-12-30 16:50:39.102 [restartedMain] INFO  o.s.d.r.c.RepositoryConfigurationDelegate - Bootstrapping Spring Data JPA repositories in DEFAULT mode.
2025-12-30 16:50:39.201 [restartedMain] INFO  o.s.d.r.c.RepositoryConfigurationDelegate - Finished Spring Data repository scanning in 83 ms. Found 6 JPA repository interfaces.
2025-12-30 16:50:40.337 [restartedMain] INFO  o.s.boot.tomcat.TomcatWebServer - Tomcat initialized with port 8080 (http)
2025-12-30 16:50:40.355 [restartedMain] INFO  o.a.coyote.http11.Http11NioProtocol - Initializing ProtocolHandler ["http-nio-8080"]
2025-12-30 16:50:40.361 [restartedMain] INFO  o.a.catalina.core.StandardService - Starting service [Tomcat]
2025-12-30 16:50:40.361 [restartedMain] INFO  o.a.catalina.core.StandardEngine - Starting Servlet engine: [Apache Tomcat/11.0.15]
2025-12-30 16:50:40.459 [restartedMain] INFO  o.s.b.w.c.s.WebApplicationContextInitializer - Root WebApplicationContext: initialization completed in 2886 ms
2025-12-30 16:50:40.833 [restartedMain] INFO  org.hibernate.orm.jpa - HHH008540: Processing PersistenceUnitInfo [name: default]
2025-12-30 16:50:40.951 [restartedMain] INFO  org.hibernate.orm.core - HHH000001: Hibernate ORM core version 7.2.0.Final
2025-12-30 16:50:41.696 [restartedMain] INFO  o.s.o.j.p.SpringPersistenceUnitInfo - No LoadTimeWeaver setup: ignoring JPA class transformer
2025-12-30 16:50:41.777 [restartedMain] INFO  com.zaxxer.hikari.HikariDataSource - HikariPool-1 - Starting...
2025-12-30 16:50:42.107 [restartedMain] INFO  com.zaxxer.hikari.pool.HikariPool - HikariPool-1 - Added connection org.postgresql.jdbc.PgConnection@2ba94a7e
2025-12-30 16:50:42.109 [restartedMain] INFO  com.zaxxer.hikari.HikariDataSource - HikariPool-1 - Start completed.
2025-12-30 16:50:42.176 [restartedMain] WARN  org.hibernate.orm.deprecation - HHH90000025: PostgreSQLDialect does not need to be specified explicitly using 'hibernate.dialect' (remove the property setting and it will be selected by default)
2025-12-30 16:50:42.238 [restartedMain] INFO  o.hibernate.orm.connections.pooling - HHH10001005: Database info:
	Database JDBC URL [jdbc:postgresql://localhost:5432/quiz_db]
	Database driver: PostgreSQL JDBC Driver
	Database dialect: PostgreSQLDialect
	Database version: 18.1
	Default catalog/schema: quiz_db/public
	Autocommit mode: undefined/unknown
	Isolation level: READ_COMMITTED [default READ_COMMITTED]
	JDBC fetch size: none
	Pool: DataSourceConnectionProvider
	Minimum pool size: undefined/unknown
	Maximum pool size: undefined/unknown
2025-12-30 16:50:43.863 [restartedMain] INFO  org.hibernate.orm.core - HHH000489: No JTA platform available (set 'hibernate.transaction.jta.platform' to enable JTA platform integration)
2025-12-30 16:50:43.993 [restartedMain] INFO  o.s.o.j.LocalContainerEntityManagerFactoryBean - Initialized JPA EntityManagerFactory for persistence unit 'default'
2025-12-30 16:50:44.107 [restartedMain] INFO  o.s.d.j.r.q.QueryEnhancerFactories - Hibernate is in classpath; If applicable, HQL parser will be used.
2025-12-30 16:50:44.407 [restartedMain] DEBUG c.e.q.s.JwtAuthenticationFilter - Filter 'jwtAuthenticationFilter' configured for use
2025-12-30 16:50:44.617 [restartedMain] INFO  o.s.s.c.a.a.c.InitializeAuthenticationProviderBeanManagerConfigurer$InitializeAuthenticationProviderManagerConfigurer - Global AuthenticationManager configured with AuthenticationProvider bean with name authenticationProvider
2025-12-30 16:50:44.617 [restartedMain] WARN  o.s.s.c.a.a.c.InitializeUserDetailsBeanManagerConfigurer$InitializeUserDetailsManagerConfigurer - Global AuthenticationManager configured with an AuthenticationProvider bean. UserDetailsService beans will not be used by Spring Security for automatically configuring username/password login. Consider removing the AuthenticationProvider bean. Alternatively, consider using the UserDetailsService in a manually instantiated DaoAuthenticationProvider. If the current configuration is intentional, to turn off this warning, increase the logging level of 'org.springframework.security.config.annotation.authentication.configuration.InitializeUserDetailsBeanManagerConfigurer' to ERROR
2025-12-30 16:50:45.063 [restartedMain] WARN  o.s.b.j.a.JpaBaseConfiguration$JpaWebConfiguration - spring.jpa.open-in-view is enabled by default. Therefore, database queries may be performed during view rendering. Explicitly configure spring.jpa.open-in-view to disable this warning
2025-12-30 16:50:45.415 [restartedMain] DEBUG o.s.s.web.DefaultSecurityFilterChain - Will secure any request with filters: DisableEncodeUrlFilter, WebAsyncManagerIntegrationFilter, SecurityContextHolderFilter, HeaderWriterFilter, LogoutFilter, JwtAuthenticationFilter, RequestCacheAwareFilter, SecurityContextHolderAwareRequestFilter, AnonymousAuthenticationFilter, SessionManagementFilter, ExceptionTranslationFilter, AuthorizationFilter
2025-12-30 16:50:46.359 [restartedMain] INFO  o.s.b.a.e.web.EndpointLinksResolver - Exposing 3 endpoints beneath base path '/actuator'
2025-12-30 16:50:46.480 [restartedMain] INFO  o.a.coyote.http11.Http11NioProtocol - Starting ProtocolHandler ["http-nio-8080"]
2025-12-30 16:50:46.518 [restartedMain] INFO  o.s.boot.tomcat.TomcatWebServer - Tomcat started on port 8080 (http) with context path '/'
2025-12-30 16:50:46.532 [restartedMain] INFO  com.example.quizz.QuizzApplication - Started QuizzApplication in 9.766 seconds (process running for 10.524)
2025-12-30 16:50:46.662 [restartedMain] INFO  c.e.quizz.config.DataInitializer - ========================================
2025-12-30 16:50:46.662 [restartedMain] INFO  c.e.quizz.config.DataInitializer - Starting data initialization...
2025-12-30 16:50:46.662 [restartedMain] INFO  c.e.quizz.config.DataInitializer - ========================================
2025-12-30 16:50:47.498 [restartedMain] INFO  o.s.b.a.l.ConditionEvaluationReportLogger - 

Error starting ApplicationContext. To display the condition evaluation report re-run your application with 'debug' enabled.
2025-12-30 16:50:47.525 [restartedMain] ERROR o.s.boot.SpringApplication - Application run failed
java.lang.Error: Unresolved compilation problem: 
	The method isActive(boolean) is undefined for the type User.UserBuilder

	at com.example.quizz.config.DataInitializer.createAdminUser(DataInitializer.java:104)
	at com.example.quizz.config.DataInitializer.lambda$0(DataInitializer.java:46)
	at org.springframework.boot.SpringApplication.lambda$callRunner$1(SpringApplication.java:792)
	at org.springframework.util.function.ThrowingConsumer$1.acceptWithException(ThrowingConsumer.java:82)
	at org.springframework.util.function.ThrowingConsumer.accept(ThrowingConsumer.java:60)
	at org.springframework.util.function.ThrowingConsumer$1.accept(ThrowingConsumer.java:86)
	at org.springframework.boot.SpringApplication.callRunner(SpringApplication.java:800)
	at org.springframework.boot.SpringApplication.callRunner(SpringApplication.java:791)
	at org.springframework.boot.SpringApplication.lambda$callRunners$0(SpringApplication.java:776)
	at java.base/java.util.stream.ForEachOps$ForEachOp$OfRef.accept(ForEachOps.java:184)
	at java.base/java.util.stream.SortedOps$SizedRefSortingSink.end(SortedOps.java:357)
	at java.base/java.util.stream.AbstractPipeline.copyInto(AbstractPipeline.java:510)
	at java.base/java.util.stream.AbstractPipeline.wrapAndCopyInto(AbstractPipeline.java:499)
	at java.base/java.util.stream.ForEachOps$ForEachOp.evaluateSequential(ForEachOps.java:151)
	at java.base/java.util.stream.ForEachOps$ForEachOp$OfRef.evaluateSequential(ForEachOps.java:174)
	at java.base/java.util.stream.AbstractPipeline.evaluate(AbstractPipeline.java:234)
	at java.base/java.util.stream.ReferencePipeline.forEach(ReferencePipeline.java:596)
	at org.springframework.boot.SpringApplication.callRunners(SpringApplication.java:776)
	at org.springframework.boot.SpringApplication.run(SpringApplication.java:328)
	at org.springframework.boot.SpringApplication.run(SpringApplication.java:1365)
	at org.springframework.boot.SpringApplication.run(SpringApplication.java:1354)
	at com.example.quizz.QuizzApplication.main(QuizzApplication.java:12)
	at java.base/jdk.internal.reflect.DirectMethodHandleAccessor.invoke(DirectMethodHandleAccessor.java:103)
	at java.base/java.lang.reflect.Method.invoke(Method.java:580)
	at org.springframework.boot.devtools.restart.RestartLauncher.run(RestartLauncher.java:52)
2025-12-30 16:50:47.533 [restartedMain] INFO  o.s.boot.tomcat.GracefulShutdown - Commencing graceful shutdown. Waiting for active requests to complete
2025-12-30 16:50:47.541 [tomcat-shutdown] INFO  o.s.boot.tomcat.GracefulShutdown - Graceful shutdown complete
2025-12-30 16:50:47.552 [restartedMain] INFO  o.s.o.j.LocalContainerEntityManagerFactoryBean - Closing JPA EntityManagerFactory for persistence unit 'default'
2025-12-30 16:50:47.556 [restartedMain] INFO  com.zaxxer.hikari.HikariDataSource - HikariPool-1 - Shutdown initiated...
2025-12-30 16:50:47.561 [restartedMain] INFO  com.zaxxer.hikari.HikariDataSource - HikariPool-1 - Shutdown completed.
2025-12-30 16:53:06.845 [restartedMain] INFO  com.example.quizz.QuizzApplication - Starting QuizzApplication using Java 21.0.9 with PID 4760 (D:\Assignment-BE\quizz\target\classes started by bichp in D:\Assignment-BE\quizz)
2025-12-30 16:53:06.846 [restartedMain] DEBUG com.example.quizz.QuizzApplication - Running with Spring Boot v4.0.1, Spring v7.0.2
2025-12-30 16:53:06.847 [restartedMain] INFO  com.example.quizz.QuizzApplication - No active profile set, falling back to 1 default profile: "default"
2025-12-30 16:53:06.887 [restartedMain] INFO  o.s.b.d.e.DevToolsPropertyDefaultsPostProcessor - Devtools property defaults active! Set 'spring.devtools.add-properties' to 'false' to disable
2025-12-30 16:53:06.887 [restartedMain] INFO  o.s.b.d.e.DevToolsPropertyDefaultsPostProcessor - For additional web related logging consider setting the 'logging.level.web' property to 'DEBUG'
2025-12-30 16:53:07.189 [background-preinit] INFO  o.h.validator.internal.util.Version - HV000001: Hibernate Validator 9.0.1.Final
2025-12-30 16:53:07.673 [restartedMain] INFO  o.s.d.r.c.RepositoryConfigurationDelegate - Bootstrapping Spring Data JPA repositories in DEFAULT mode.
2025-12-30 16:53:07.732 [restartedMain] INFO  o.s.d.r.c.RepositoryConfigurationDelegate - Finished Spring Data repository scanning in 50 ms. Found 6 JPA repository interfaces.
2025-12-30 16:53:08.301 [restartedMain] INFO  o.s.boot.tomcat.TomcatWebServer - Tomcat initialized with port 8080 (http)
2025-12-30 16:53:08.314 [restartedMain] INFO  o.a.coyote.http11.Http11NioProtocol - Initializing ProtocolHandler ["http-nio-8080"]
2025-12-30 16:53:08.317 [restartedMain] INFO  o.a.catalina.core.StandardService - Starting service [Tomcat]
2025-12-30 16:53:08.317 [restartedMain] INFO  o.a.catalina.core.StandardEngine - Starting Servlet engine: [Apache Tomcat/11.0.15]
2025-12-30 16:53:08.366 [restartedMain] INFO  o.s.b.w.c.s.WebApplicationContextInitializer - Root WebApplicationContext: initialization completed in 1477 ms
2025-12-30 16:53:08.546 [restartedMain] INFO  org.hibernate.orm.jpa - HHH008540: Processing PersistenceUnitInfo [name: default]
2025-12-30 16:53:08.584 [restartedMain] INFO  org.hibernate.orm.core - HHH000001: Hibernate ORM core version 7.2.0.Final
2025-12-30 16:53:08.881 [restartedMain] INFO  o.s.o.j.p.SpringPersistenceUnitInfo - No LoadTimeWeaver setup: ignoring JPA class transformer
2025-12-30 16:53:08.903 [restartedMain] INFO  com.zaxxer.hikari.HikariDataSource - HikariPool-1 - Starting...
2025-12-30 16:53:09.052 [restartedMain] INFO  com.zaxxer.hikari.pool.HikariPool - HikariPool-1 - Added connection org.postgresql.jdbc.PgConnection@458d6da
2025-12-30 16:53:09.054 [restartedMain] INFO  com.zaxxer.hikari.HikariDataSource - HikariPool-1 - Start completed.
2025-12-30 16:53:09.078 [restartedMain] WARN  org.hibernate.orm.deprecation - HHH90000025: PostgreSQLDialect does not need to be specified explicitly using 'hibernate.dialect' (remove the property setting and it will be selected by default)
2025-12-30 16:53:09.099 [restartedMain] INFO  o.hibernate.orm.connections.pooling - HHH10001005: Database info:
	Database JDBC URL [jdbc:postgresql://localhost:5432/quiz_db]
	Database driver: PostgreSQL JDBC Driver
	Database dialect: PostgreSQLDialect
	Database version: 18.1
	Default catalog/schema: quiz_db/public
	Autocommit mode: undefined/unknown
	Isolation level: READ_COMMITTED [default READ_COMMITTED]
	JDBC fetch size: none
	Pool: DataSourceConnectionProvider
	Minimum pool size: undefined/unknown
	Maximum pool size: undefined/unknown
2025-12-30 16:53:09.908 [restartedMain] INFO  org.hibernate.orm.core - HHH000489: No JTA platform available (set 'hibernate.transaction.jta.platform' to enable JTA platform integration)
2025-12-30 16:53:09.986 [restartedMain] INFO  o.s.o.j.LocalContainerEntityManagerFactoryBean - Initialized JPA EntityManagerFactory for persistence unit 'default'
2025-12-30 16:53:10.046 [restartedMain] INFO  o.s.d.j.r.q.QueryEnhancerFactories - Hibernate is in classpath; If applicable, HQL parser will be used.
2025-12-30 16:53:10.229 [restartedMain] DEBUG c.e.q.s.JwtAuthenticationFilter - Filter 'jwtAuthenticationFilter' configured for use
2025-12-30 16:53:10.352 [restartedMain] INFO  o.s.s.c.a.a.c.InitializeAuthenticationProviderBeanManagerConfigurer$InitializeAuthenticationProviderManagerConfigurer - Global AuthenticationManager configured with AuthenticationProvider bean with name authenticationProvider
2025-12-30 16:53:10.352 [restartedMain] WARN  o.s.s.c.a.a.c.InitializeUserDetailsBeanManagerConfigurer$InitializeUserDetailsManagerConfigurer - Global AuthenticationManager configured with an AuthenticationProvider bean. UserDetailsService beans will not be used by Spring Security for automatically configuring username/password login. Consider removing the AuthenticationProvider bean. Alternatively, consider using the UserDetailsService in a manually instantiated DaoAuthenticationProvider. If the current configuration is intentional, to turn off this warning, increase the logging level of 'org.springframework.security.config.annotation.authentication.configuration.InitializeUserDetailsBeanManagerConfigurer' to ERROR
2025-12-30 16:53:10.562 [restartedMain] WARN  o.s.b.j.a.JpaBaseConfiguration$JpaWebConfiguration - spring.jpa.open-in-view is enabled by default. Therefore, database queries may be performed during view rendering. Explicitly configure spring.jpa.open-in-view to disable this warning
2025-12-30 16:53:10.745 [restartedMain] DEBUG o.s.s.web.DefaultSecurityFilterChain - Will secure any request with filters: DisableEncodeUrlFilter, WebAsyncManagerIntegrationFilter, SecurityContextHolderFilter, HeaderWriterFilter, LogoutFilter, JwtAuthenticationFilter, RequestCacheAwareFilter, SecurityContextHolderAwareRequestFilter, AnonymousAuthenticationFilter, SessionManagementFilter, ExceptionTranslationFilter, AuthorizationFilter
2025-12-30 16:53:11.201 [restartedMain] INFO  o.s.b.a.e.web.EndpointLinksResolver - Exposing 3 endpoints beneath base path '/actuator'
2025-12-30 16:53:11.259 [restartedMain] INFO  o.a.coyote.http11.Http11NioProtocol - Starting ProtocolHandler ["http-nio-8080"]
2025-12-30 16:53:11.282 [restartedMain] INFO  o.s.boot.tomcat.TomcatWebServer - Tomcat started on port 8080 (http) with context path '/'
2025-12-30 16:53:11.291 [restartedMain] INFO  com.example.quizz.QuizzApplication - Started QuizzApplication in 4.819 seconds (process running for 5.154)
2025-12-30 16:53:11.351 [restartedMain] INFO  c.e.quizz.config.DataInitializer - ========================================
2025-12-30 16:53:11.351 [restartedMain] INFO  c.e.quizz.config.DataInitializer - Starting data initialization...
2025-12-30 16:53:11.351 [restartedMain] INFO  c.e.quizz.config.DataInitializer - ========================================
2025-12-30 16:53:11.832 [restartedMain] INFO  c.e.quizz.config.DataInitializer - ========================================
2025-12-30 16:53:11.832 [restartedMain] INFO  c.e.quizz.config.DataInitializer - DEFAULT ADMIN USER CREATED:
2025-12-30 16:53:11.832 [restartedMain] INFO  c.e.quizz.config.DataInitializer - Email: admin@quiz.com
2025-12-30 16:53:11.832 [restartedMain] INFO  c.e.quizz.config.DataInitializer - Password: admin123
2025-12-30 16:53:11.832 [restartedMain] INFO  c.e.quizz.config.DataInitializer - ========================================
2025-12-30 16:53:11.908 [restartedMain] INFO  c.e.quizz.config.DataInitializer - Created user: John Doe (john.doe@example.com)
2025-12-30 16:53:11.986 [restartedMain] INFO  c.e.quizz.config.DataInitializer - Created user: Jane Smith (jane.smith@example.com)
2025-12-30 16:53:12.057 [restartedMain] INFO  c.e.quizz.config.DataInitializer - Created user: Bob Wilson (bob.wilson@example.com)
2025-12-30 16:53:12.079 [restartedMain] INFO  c.e.quizz.config.DataInitializer - Creating sample quizzes...
2025-12-30 16:53:12.092 [restartedMain] INFO  o.s.b.a.l.ConditionEvaluationReportLogger - 

Error starting ApplicationContext. To display the condition evaluation report re-run your application with 'debug' enabled.
2025-12-30 16:53:12.105 [restartedMain] ERROR o.s.boot.SpringApplication - Application run failed
org.springframework.dao.InvalidDataAccessApiUsageException: org.hibernate.TransientPropertyValueException: Persistent instance of 'com.example.quizz.entity.Quiz' references an unsaved transient instance of 'com.example.quizz.entity.Question' (persist the transient instance before flushing) [com.example.quizz.entity.Quiz.questions -> com.example.quizz.entity.Question]
	at org.springframework.orm.jpa.EntityManagerFactoryUtils.convertJpaAccessExceptionIfPossible(EntityManagerFactoryUtils.java:362)
	at org.springframework.orm.jpa.hibernate.HibernateExceptionTranslator.translateExceptionIfPossible(HibernateExceptionTranslator.java:112)
	at org.springframework.orm.jpa.vendor.HibernateJpaDialect.translateExceptionIfPossible(HibernateJpaDialect.java:199)
	at org.springframework.orm.jpa.JpaTransactionManager.doCommit(JpaTransactionManager.java:557)
	at org.springframework.transaction.support.AbstractPlatformTransactionManager.processCommit(AbstractPlatformTransactionManager.java:794)
	at org.springframework.transaction.support.AbstractPlatformTransactionManager.commit(AbstractPlatformTransactionManager.java:757)
	at org.springframework.transaction.interceptor.TransactionAspectSupport.commitTransactionAfterReturning(TransactionAspectSupport.java:684)
	at org.springframework.transaction.interceptor.TransactionAspectSupport.invokeWithinTransaction(TransactionAspectSupport.java:406)
	at org.springframework.transaction.interceptor.TransactionInterceptor.invoke(TransactionInterceptor.java:118)
	at org.springframework.aop.framework.ReflectiveMethodInvocation.proceed(ReflectiveMethodInvocation.java:179)
	at org.springframework.dao.support.PersistenceExceptionTranslationInterceptor.invoke(PersistenceExceptionTranslationInterceptor.java:135)
	at org.springframework.aop.framework.ReflectiveMethodInvocation.proceed(ReflectiveMethodInvocation.java:179)
	at org.springframework.data.jpa.repository.support.CrudMethodMetadataPostProcessor$CrudMethodMetadataPopulatingMethodInterceptor.invoke(CrudMethodMetadataPostProcessor.java:166)
	at org.springframework.aop.framework.ReflectiveMethodInvocation.proceed(ReflectiveMethodInvocation.java:179)
	at org.springframework.aop.framework.JdkDynamicAopProxy.invoke(JdkDynamicAopProxy.java:222)
	at jdk.proxy4/jdk.proxy4.$Proxy193.save(Unknown Source)
	at com.example.quizz.config.DataInitializer.lambda$0(DataInitializer.java:57)
	at org.springframework.boot.SpringApplication.lambda$callRunner$1(SpringApplication.java:792)
	at org.springframework.util.function.ThrowingConsumer$1.acceptWithException(ThrowingConsumer.java:82)
	at org.springframework.util.function.ThrowingConsumer.accept(ThrowingConsumer.java:60)
	at org.springframework.util.function.ThrowingConsumer$1.accept(ThrowingConsumer.java:86)
	at org.springframework.boot.SpringApplication.callRunner(SpringApplication.java:800)
	at org.springframework.boot.SpringApplication.callRunner(SpringApplication.java:791)
	at org.springframework.boot.SpringApplication.lambda$callRunners$0(SpringApplication.java:776)
	at java.base/java.util.stream.ForEachOps$ForEachOp$OfRef.accept(ForEachOps.java:184)
	at java.base/java.util.stream.SortedOps$SizedRefSortingSink.end(SortedOps.java:357)
	at java.base/java.util.stream.AbstractPipeline.copyInto(AbstractPipeline.java:510)
	at java.base/java.util.stream.AbstractPipeline.wrapAndCopyInto(AbstractPipeline.java:499)
	at java.base/java.util.stream.ForEachOps$ForEachOp.evaluateSequential(ForEachOps.java:151)
	at java.base/java.util.stream.ForEachOps$ForEachOp$OfRef.evaluateSequential(ForEachOps.java:174)
	at java.base/java.util.stream.AbstractPipeline.evaluate(AbstractPipeline.java:234)
	at java.base/java.util.stream.ReferencePipeline.forEach(ReferencePipeline.java:596)
	at org.springframework.boot.SpringApplication.callRunners(SpringApplication.java:776)
	at org.springframework.boot.SpringApplication.run(SpringApplication.java:328)
	at org.springframework.boot.SpringApplication.run(SpringApplication.java:1365)
	at org.springframework.boot.SpringApplication.run(SpringApplication.java:1354)
	at com.example.quizz.QuizzApplication.main(QuizzApplication.java:12)
	at java.base/jdk.internal.reflect.DirectMethodHandleAccessor.invoke(DirectMethodHandleAccessor.java:103)
	at java.base/java.lang.reflect.Method.invoke(Method.java:580)
	at org.springframework.boot.devtools.restart.RestartLauncher.run(RestartLauncher.java:52)
Caused by: java.lang.IllegalStateException: org.hibernate.TransientPropertyValueException: Persistent instance of 'com.example.quizz.entity.Quiz' references an unsaved transient instance of 'com.example.quizz.entity.Question' (persist the transient instance before flushing) [com.example.quizz.entity.Quiz.questions -> com.example.quizz.entity.Question]
	at org.hibernate.internal.ExceptionConverterImpl.convert(ExceptionConverterImpl.java:142)
	at org.hibernate.internal.ExceptionConverterImpl.convert(ExceptionConverterImpl.java:157)
	at org.hibernate.internal.ExceptionConverterImpl.convert(ExceptionConverterImpl.java:163)
	at org.hibernate.internal.SessionImpl.fireFlush(SessionImpl.java:1494)
	at org.hibernate.internal.SessionImpl.managedFlush(SessionImpl.java:481)
	at org.hibernate.internal.SessionImpl.flushBeforeTransactionCompletion(SessionImpl.java:2116)
	at org.hibernate.internal.SessionImpl.beforeTransactionCompletion(SessionImpl.java:2038)
	at org.hibernate.engine.jdbc.internal.JdbcCoordinatorImpl.beforeTransactionCompletion(JdbcCoordinatorImpl.java:410)
	at org.hibernate.resource.transaction.backend.jdbc.internal.JdbcResourceLocalTransactionCoordinatorImpl.beforeCompletionCallback(JdbcResourceLocalTransactionCoordinatorImpl.java:166)
	at org.hibernate.resource.transaction.backend.jdbc.internal.JdbcResourceLocalTransactionCoordinatorImpl$TransactionDriverControlImpl.commitNoRollbackOnly(JdbcResourceLocalTransactionCoordinatorImpl.java:248)
	at org.hibernate.resource.transaction.backend.jdbc.internal.JdbcResourceLocalTransactionCoordinatorImpl$TransactionDriverControlImpl.commit(JdbcResourceLocalTransactionCoordinatorImpl.java:242)
	at org.hibernate.engine.transaction.internal.TransactionImpl.commit(TransactionImpl.java:89)
	at org.springframework.orm.jpa.JpaTransactionManager.doCommit(JpaTransactionManager.java:553)
	... 36 common frames omitted
Caused by: org.hibernate.TransientPropertyValueException: Persistent instance of 'com.example.quizz.entity.Quiz' references an unsaved transient instance of 'com.example.quizz.entity.Question' (persist the transient instance before flushing) [com.example.quizz.entity.Quiz.questions -> com.example.quizz.entity.Question]
	at org.hibernate.engine.spi.CascadingActions$8.cascade(CascadingActions.java:391)
	at org.hibernate.engine.spi.CascadingActions$8.cascade(CascadingActions.java:370)
	at org.hibernate.engine.internal.Cascade.cascadeToOne(Cascade.java:533)
	at org.hibernate.engine.internal.Cascade.cascadeAssociation(Cascade.java:436)
	at org.hibernate.engine.internal.Cascade.cascadeProperty(Cascade.java:217)
	at org.hibernate.engine.internal.Cascade.cascadeCollectionElements(Cascade.java:577)
	at org.hibernate.engine.internal.Cascade.cascadeCollection(Cascade.java:488)
	at org.hibernate.engine.internal.Cascade.cascadeAssociation(Cascade.java:451)
	at org.hibernate.engine.internal.Cascade.cascadeProperty(Cascade.java:217)
	at org.hibernate.engine.internal.Cascade.cascade(Cascade.java:158)
	at org.hibernate.event.internal.AbstractFlushingEventListener.checkForTransientReferences(AbstractFlushingEventListener.java:143)
	at org.hibernate.event.internal.AbstractFlushingEventListener.prepareEntityFlushes(AbstractFlushingEventListener.java:132)
	at org.hibernate.event.internal.AbstractFlushingEventListener.preFlush(AbstractFlushingEventListener.java:83)
	at org.hibernate.event.internal.AbstractFlushingEventListener.flushEverythingToExecutions(AbstractFlushingEventListener.java:62)
	at org.hibernate.event.internal.DefaultFlushEventListener.onFlush(DefaultFlushEventListener.java:39)
	at org.hibernate.event.service.internal.EventListenerGroupImpl.fireEventOnEachListener(EventListenerGroupImpl.java:138)
	at org.hibernate.internal.SessionImpl.fireFlush(SessionImpl.java:1489)
	... 45 common frames omitted
2025-12-30 16:53:12.112 [restartedMain] INFO  o.s.boot.tomcat.GracefulShutdown - Commencing graceful shutdown. Waiting for active requests to complete
2025-12-30 16:53:12.118 [tomcat-shutdown] INFO  o.s.boot.tomcat.GracefulShutdown - Graceful shutdown complete
2025-12-30 16:53:12.124 [restartedMain] INFO  o.s.o.j.LocalContainerEntityManagerFactoryBean - Closing JPA EntityManagerFactory for persistence unit 'default'
2025-12-30 16:53:12.130 [restartedMain] INFO  com.zaxxer.hikari.HikariDataSource - HikariPool-1 - Shutdown initiated...
2025-12-30 16:53:12.133 [restartedMain] INFO  com.zaxxer.hikari.HikariDataSource - HikariPool-1 - Shutdown completed.
2025-12-30 16:59:19.497 [restartedMain] INFO  com.example.quizz.QuizzApplication - Starting QuizzApplication using Java 21.0.9 with PID 12240 (D:\Assignment-BE\quizz\target\classes started by bichp in D:\Assignment-BE\quizz)
2025-12-30 16:59:19.499 [restartedMain] DEBUG com.example.quizz.QuizzApplication - Running with Spring Boot v4.0.1, Spring v7.0.2
2025-12-30 16:59:19.500 [restartedMain] INFO  com.example.quizz.QuizzApplication - No active profile set, falling back to 1 default profile: "default"
2025-12-30 16:59:19.538 [restartedMain] INFO  o.s.b.d.e.DevToolsPropertyDefaultsPostProcessor - Devtools property defaults active! Set 'spring.devtools.add-properties' to 'false' to disable
2025-12-30 16:59:19.538 [restartedMain] INFO  o.s.b.d.e.DevToolsPropertyDefaultsPostProcessor - For additional web related logging consider setting the 'logging.level.web' property to 'DEBUG'
2025-12-30 16:59:19.831 [background-preinit] INFO  o.h.validator.internal.util.Version - HV000001: Hibernate Validator 9.0.1.Final
2025-12-30 16:59:20.333 [restartedMain] INFO  o.s.d.r.c.RepositoryConfigurationDelegate - Bootstrapping Spring Data JPA repositories in DEFAULT mode.
2025-12-30 16:59:20.387 [restartedMain] INFO  o.s.d.r.c.RepositoryConfigurationDelegate - Finished Spring Data repository scanning in 47 ms. Found 6 JPA repository interfaces.
2025-12-30 16:59:21.196 [restartedMain] INFO  o.s.boot.tomcat.TomcatWebServer - Tomcat initialized with port 8080 (http)
2025-12-30 16:59:21.217 [restartedMain] INFO  o.a.coyote.http11.Http11NioProtocol - Initializing ProtocolHandler ["http-nio-8080"]
2025-12-30 16:59:21.221 [restartedMain] INFO  o.a.catalina.core.StandardService - Starting service [Tomcat]
2025-12-30 16:59:21.222 [restartedMain] INFO  o.a.catalina.core.StandardEngine - Starting Servlet engine: [Apache Tomcat/11.0.15]
2025-12-30 16:59:21.275 [restartedMain] INFO  o.s.b.w.c.s.WebApplicationContextInitializer - Root WebApplicationContext: initialization completed in 1735 ms
2025-12-30 16:59:21.460 [restartedMain] INFO  org.hibernate.orm.jpa - HHH008540: Processing PersistenceUnitInfo [name: default]
2025-12-30 16:59:21.523 [restartedMain] INFO  org.hibernate.orm.core - HHH000001: Hibernate ORM core version 7.2.0.Final
2025-12-30 16:59:21.933 [restartedMain] INFO  o.s.o.j.p.SpringPersistenceUnitInfo - No LoadTimeWeaver setup: ignoring JPA class transformer
2025-12-30 16:59:21.966 [restartedMain] INFO  com.zaxxer.hikari.HikariDataSource - HikariPool-1 - Starting...
2025-12-30 16:59:22.135 [restartedMain] INFO  com.zaxxer.hikari.pool.HikariPool - HikariPool-1 - Added connection org.postgresql.jdbc.PgConnection@62811222
2025-12-30 16:59:22.136 [restartedMain] INFO  com.zaxxer.hikari.HikariDataSource - HikariPool-1 - Start completed.
2025-12-30 16:59:22.172 [restartedMain] WARN  org.hibernate.orm.deprecation - HHH90000025: PostgreSQLDialect does not need to be specified explicitly using 'hibernate.dialect' (remove the property setting and it will be selected by default)
2025-12-30 16:59:22.198 [restartedMain] INFO  o.hibernate.orm.connections.pooling - HHH10001005: Database info:
	Database JDBC URL [jdbc:postgresql://localhost:5432/quiz_db]
	Database driver: PostgreSQL JDBC Driver
	Database dialect: PostgreSQLDialect
	Database version: 18.1
	Default catalog/schema: quiz_db/public
	Autocommit mode: undefined/unknown
	Isolation level: READ_COMMITTED [default READ_COMMITTED]
	JDBC fetch size: none
	Pool: DataSourceConnectionProvider
	Minimum pool size: undefined/unknown
	Maximum pool size: undefined/unknown
2025-12-30 16:59:23.322 [restartedMain] INFO  org.hibernate.orm.core - HHH000489: No JTA platform available (set 'hibernate.transaction.jta.platform' to enable JTA platform integration)
2025-12-30 16:59:23.400 [restartedMain] INFO  o.s.o.j.LocalContainerEntityManagerFactoryBean - Initialized JPA EntityManagerFactory for persistence unit 'default'
2025-12-30 16:59:23.460 [restartedMain] INFO  o.s.d.j.r.q.QueryEnhancerFactories - Hibernate is in classpath; If applicable, HQL parser will be used.
2025-12-30 16:59:23.660 [restartedMain] DEBUG c.e.q.s.JwtAuthenticationFilter - Filter 'jwtAuthenticationFilter' configured for use
2025-12-30 16:59:23.750 [restartedMain] INFO  o.s.s.c.a.a.c.InitializeAuthenticationProviderBeanManagerConfigurer$InitializeAuthenticationProviderManagerConfigurer - Global AuthenticationManager configured with AuthenticationProvider bean with name authenticationProvider
2025-12-30 16:59:23.751 [restartedMain] WARN  o.s.s.c.a.a.c.InitializeUserDetailsBeanManagerConfigurer$InitializeUserDetailsManagerConfigurer - Global AuthenticationManager configured with an AuthenticationProvider bean. UserDetailsService beans will not be used by Spring Security for automatically configuring username/password login. Consider removing the AuthenticationProvider bean. Alternatively, consider using the UserDetailsService in a manually instantiated DaoAuthenticationProvider. If the current configuration is intentional, to turn off this warning, increase the logging level of 'org.springframework.security.config.annotation.authentication.configuration.InitializeUserDetailsBeanManagerConfigurer' to ERROR
2025-12-30 16:59:23.962 [restartedMain] WARN  o.s.b.j.a.JpaBaseConfiguration$JpaWebConfiguration - spring.jpa.open-in-view is enabled by default. Therefore, database queries may be performed during view rendering. Explicitly configure spring.jpa.open-in-view to disable this warning
2025-12-30 16:59:24.173 [restartedMain] DEBUG o.s.s.web.DefaultSecurityFilterChain - Will secure any request with filters: DisableEncodeUrlFilter, WebAsyncManagerIntegrationFilter, SecurityContextHolderFilter, HeaderWriterFilter, LogoutFilter, JwtAuthenticationFilter, RequestCacheAwareFilter, SecurityContextHolderAwareRequestFilter, AnonymousAuthenticationFilter, SessionManagementFilter, ExceptionTranslationFilter, AuthorizationFilter
2025-12-30 16:59:24.801 [restartedMain] INFO  o.s.b.a.e.web.EndpointLinksResolver - Exposing 3 endpoints beneath base path '/actuator'
2025-12-30 16:59:24.881 [restartedMain] INFO  o.a.coyote.http11.Http11NioProtocol - Starting ProtocolHandler ["http-nio-8080"]
2025-12-30 16:59:24.899 [restartedMain] INFO  o.s.boot.tomcat.TomcatWebServer - Tomcat started on port 8080 (http) with context path '/'
2025-12-30 16:59:24.906 [restartedMain] INFO  com.example.quizz.QuizzApplication - Started QuizzApplication in 5.856 seconds (process running for 6.24)
2025-12-30 16:59:24.974 [restartedMain] INFO  c.e.quizz.config.DataInitializer - ========================================
2025-12-30 16:59:24.975 [restartedMain] INFO  c.e.quizz.config.DataInitializer - Starting data initialization...
2025-12-30 16:59:24.975 [restartedMain] INFO  c.e.quizz.config.DataInitializer - ========================================
2025-12-30 16:59:25.440 [restartedMain] INFO  c.e.quizz.config.DataInitializer - Creating sample quizzes...
2025-12-30 16:59:25.544 [restartedMain] INFO  c.e.quizz.config.DataInitializer - Created quiz: Java Programming Fundamentals
2025-12-30 16:59:25.549 [restartedMain] INFO  c.e.quizz.config.DataInitializer - Created quiz: Spring Boot & REST API
2025-12-30 16:59:25.552 [restartedMain] INFO  c.e.quizz.config.DataInitializer - Created quiz: Database & SQL Fundamentals
2025-12-30 16:59:25.552 [restartedMain] INFO  c.e.quizz.config.DataInitializer - ========================================
2025-12-30 16:59:25.552 [restartedMain] INFO  c.e.quizz.config.DataInitializer - Data initialization completed
2025-12-30 16:59:25.555 [restartedMain] INFO  c.e.quizz.config.DataInitializer - Total Users: 4
2025-12-30 16:59:25.557 [restartedMain] INFO  c.e.quizz.config.DataInitializer - Total Quizzes: 3
2025-12-30 16:59:25.560 [restartedMain] INFO  c.e.quizz.config.DataInitializer - Total Questions: 8
2025-12-30 16:59:25.564 [restartedMain] INFO  c.e.quizz.config.DataInitializer - Total Submissions: 0
2025-12-30 16:59:25.564 [restartedMain] INFO  c.e.quizz.config.DataInitializer - ========================================
2025-12-30 17:00:25.459 [SpringApplicationShutdownHook] INFO  o.s.boot.tomcat.GracefulShutdown - Commencing graceful shutdown. Waiting for active requests to complete
2025-12-30 17:00:25.465 [tomcat-shutdown] INFO  o.s.boot.tomcat.GracefulShutdown - Graceful shutdown complete
2025-12-30 17:00:25.471 [SpringApplicationShutdownHook] INFO  o.s.o.j.LocalContainerEntityManagerFactoryBean - Closing JPA EntityManagerFactory for persistence unit 'default'
2025-12-30 17:00:25.474 [SpringApplicationShutdownHook] INFO  com.zaxxer.hikari.HikariDataSource - HikariPool-1 - Shutdown initiated...
2025-12-30 17:00:25.483 [SpringApplicationShutdownHook] INFO  com.zaxxer.hikari.HikariDataSource - HikariPool-1 - Shutdown completed.
2025-12-30 17:02:59.459 [restartedMain] INFO  com.example.quizz.QuizzApplication - Starting QuizzApplication using Java 21.0.9 with PID 4628 (D:\Assignment-BE\quizz\target\classes started by bichp in D:\Assignment-BE\quizz)
2025-12-30 17:02:59.461 [restartedMain] DEBUG com.example.quizz.QuizzApplication - Running with Spring Boot v4.0.1, Spring v7.0.2
2025-12-30 17:02:59.462 [restartedMain] INFO  com.example.quizz.QuizzApplication - No active profile set, falling back to 1 default profile: "default"
2025-12-30 17:02:59.502 [restartedMain] INFO  o.s.b.d.e.DevToolsPropertyDefaultsPostProcessor - Devtools property defaults active! Set 'spring.devtools.add-properties' to 'false' to disable
2025-12-30 17:02:59.502 [restartedMain] INFO  o.s.b.d.e.DevToolsPropertyDefaultsPostProcessor - For additional web related logging consider setting the 'logging.level.web' property to 'DEBUG'
2025-12-30 17:02:59.782 [background-preinit] INFO  o.h.validator.internal.util.Version - HV000001: Hibernate Validator 9.0.1.Final
2025-12-30 17:03:00.284 [restartedMain] INFO  o.s.d.r.c.RepositoryConfigurationDelegate - Bootstrapping Spring Data JPA repositories in DEFAULT mode.
2025-12-30 17:03:00.334 [restartedMain] INFO  o.s.d.r.c.RepositoryConfigurationDelegate - Finished Spring Data repository scanning in 44 ms. Found 6 JPA repository interfaces.
2025-12-30 17:03:00.925 [restartedMain] INFO  o.s.boot.tomcat.TomcatWebServer - Tomcat initialized with port 8080 (http)
2025-12-30 17:03:00.938 [restartedMain] INFO  o.a.coyote.http11.Http11NioProtocol - Initializing ProtocolHandler ["http-nio-8080"]
2025-12-30 17:03:00.941 [restartedMain] INFO  o.a.catalina.core.StandardService - Starting service [Tomcat]
2025-12-30 17:03:00.941 [restartedMain] INFO  o.a.catalina.core.StandardEngine - Starting Servlet engine: [Apache Tomcat/11.0.15]
2025-12-30 17:03:00.978 [restartedMain] INFO  o.s.b.w.c.s.WebApplicationContextInitializer - Root WebApplicationContext: initialization completed in 1474 ms
2025-12-30 17:03:01.154 [restartedMain] INFO  org.hibernate.orm.jpa - HHH008540: Processing PersistenceUnitInfo [name: default]
2025-12-30 17:03:01.203 [restartedMain] INFO  org.hibernate.orm.core - HHH000001: Hibernate ORM core version 7.2.0.Final
2025-12-30 17:03:01.547 [restartedMain] INFO  o.s.o.j.p.SpringPersistenceUnitInfo - No LoadTimeWeaver setup: ignoring JPA class transformer
2025-12-30 17:03:01.575 [restartedMain] INFO  com.zaxxer.hikari.HikariDataSource - HikariPool-1 - Starting...
2025-12-30 17:03:01.730 [restartedMain] INFO  com.zaxxer.hikari.pool.HikariPool - HikariPool-1 - Added connection org.postgresql.jdbc.PgConnection@69a74236
2025-12-30 17:03:01.732 [restartedMain] INFO  com.zaxxer.hikari.HikariDataSource - HikariPool-1 - Start completed.
2025-12-30 17:03:01.762 [restartedMain] WARN  org.hibernate.orm.deprecation - HHH90000025: PostgreSQLDialect does not need to be specified explicitly using 'hibernate.dialect' (remove the property setting and it will be selected by default)
2025-12-30 17:03:01.785 [restartedMain] INFO  o.hibernate.orm.connections.pooling - HHH10001005: Database info:
	Database JDBC URL [jdbc:postgresql://localhost:5432/quiz_db]
	Database driver: PostgreSQL JDBC Driver
	Database dialect: PostgreSQLDialect
	Database version: 18.1
	Default catalog/schema: quiz_db/public
	Autocommit mode: undefined/unknown
	Isolation level: READ_COMMITTED [default READ_COMMITTED]
	JDBC fetch size: none
	Pool: DataSourceConnectionProvider
	Minimum pool size: undefined/unknown
	Maximum pool size: undefined/unknown
2025-12-30 17:03:02.580 [restartedMain] INFO  org.hibernate.orm.core - HHH000489: No JTA platform available (set 'hibernate.transaction.jta.platform' to enable JTA platform integration)
2025-12-30 17:03:02.653 [restartedMain] INFO  o.s.o.j.LocalContainerEntityManagerFactoryBean - Initialized JPA EntityManagerFactory for persistence unit 'default'
2025-12-30 17:03:02.717 [restartedMain] INFO  o.s.d.j.r.q.QueryEnhancerFactories - Hibernate is in classpath; If applicable, HQL parser will be used.
2025-12-30 17:03:02.872 [restartedMain] DEBUG c.e.q.s.JwtAuthenticationFilter - Filter 'jwtAuthenticationFilter' configured for use
2025-12-30 17:03:02.993 [restartedMain] INFO  o.s.s.c.a.a.c.InitializeAuthenticationProviderBeanManagerConfigurer$InitializeAuthenticationProviderManagerConfigurer - Global AuthenticationManager configured with AuthenticationProvider bean with name authenticationProvider
2025-12-30 17:03:02.993 [restartedMain] WARN  o.s.s.c.a.a.c.InitializeUserDetailsBeanManagerConfigurer$InitializeUserDetailsManagerConfigurer - Global AuthenticationManager configured with an AuthenticationProvider bean. UserDetailsService beans will not be used by Spring Security for automatically configuring username/password login. Consider removing the AuthenticationProvider bean. Alternatively, consider using the UserDetailsService in a manually instantiated DaoAuthenticationProvider. If the current configuration is intentional, to turn off this warning, increase the logging level of 'org.springframework.security.config.annotation.authentication.configuration.InitializeUserDetailsBeanManagerConfigurer' to ERROR
2025-12-30 17:03:03.187 [restartedMain] WARN  o.s.b.j.a.JpaBaseConfiguration$JpaWebConfiguration - spring.jpa.open-in-view is enabled by default. Therefore, database queries may be performed during view rendering. Explicitly configure spring.jpa.open-in-view to disable this warning
2025-12-30 17:03:03.371 [restartedMain] DEBUG o.s.s.web.DefaultSecurityFilterChain - Will secure any request with filters: DisableEncodeUrlFilter, WebAsyncManagerIntegrationFilter, SecurityContextHolderFilter, HeaderWriterFilter, LogoutFilter, JwtAuthenticationFilter, RequestCacheAwareFilter, SecurityContextHolderAwareRequestFilter, AnonymousAuthenticationFilter, SessionManagementFilter, ExceptionTranslationFilter, AuthorizationFilter
2025-12-30 17:03:03.840 [restartedMain] INFO  o.s.b.a.e.web.EndpointLinksResolver - Exposing 3 endpoints beneath base path '/actuator'
2025-12-30 17:03:03.945 [restartedMain] INFO  o.a.coyote.http11.Http11NioProtocol - Starting ProtocolHandler ["http-nio-8080"]
2025-12-30 17:03:03.966 [restartedMain] INFO  o.s.boot.tomcat.TomcatWebServer - Tomcat started on port 8080 (http) with context path '/'
2025-12-30 17:03:03.973 [restartedMain] INFO  com.example.quizz.QuizzApplication - Started QuizzApplication in 5.058 seconds (process running for 5.467)
2025-12-30 17:03:04.033 [restartedMain] INFO  c.e.quizz.config.DataInitializer - ========================================
2025-12-30 17:03:04.034 [restartedMain] INFO  c.e.quizz.config.DataInitializer - Starting data initialization...
2025-12-30 17:03:04.034 [restartedMain] INFO  c.e.quizz.config.DataInitializer - ========================================
2025-12-30 17:03:04.435 [restartedMain] INFO  c.e.quizz.config.DataInitializer - ========================================
2025-12-30 17:03:04.436 [restartedMain] INFO  c.e.quizz.config.DataInitializer - Data initialization completed
2025-12-30 17:03:04.440 [restartedMain] INFO  c.e.quizz.config.DataInitializer - Total Users: 4
2025-12-30 17:03:04.441 [restartedMain] INFO  c.e.quizz.config.DataInitializer - Total Quizzes: 3
2025-12-30 17:03:04.445 [restartedMain] INFO  c.e.quizz.config.DataInitializer - Total Questions: 8
2025-12-30 17:03:04.450 [restartedMain] INFO  c.e.quizz.config.DataInitializer - Total Submissions: 0
2025-12-30 17:03:04.450 [restartedMain] INFO  c.e.quizz.config.DataInitializer - ========================================
2025-12-30 17:03:18.989 [SpringApplicationShutdownHook] INFO  o.s.boot.tomcat.GracefulShutdown - Commencing graceful shutdown. Waiting for active requests to complete
2025-12-30 17:03:18.994 [tomcat-shutdown] INFO  o.s.boot.tomcat.GracefulShutdown - Graceful shutdown complete
2025-12-30 17:03:19.001 [SpringApplicationShutdownHook] INFO  o.s.o.j.LocalContainerEntityManagerFactoryBean - Closing JPA EntityManagerFactory for persistence unit 'default'
2025-12-30 17:03:19.024 [SpringApplicationShutdownHook] INFO  com.zaxxer.hikari.HikariDataSource - HikariPool-1 - Shutdown initiated...
2025-12-30 17:03:19.055 [SpringApplicationShutdownHook] INFO  com.zaxxer.hikari.HikariDataSource - HikariPool-1 - Shutdown completed.
2025-12-30 17:04:41.382 [restartedMain] INFO  com.example.quizz.QuizzApplication - Starting QuizzApplication using Java 21.0.9 with PID 1800 (D:\Assignment-BE\quizz\target\classes started by bichp in D:\Assignment-BE\quizz)
2025-12-30 17:04:41.386 [restartedMain] DEBUG com.example.quizz.QuizzApplication - Running with Spring Boot v4.0.1, Spring v7.0.2
2025-12-30 17:04:41.387 [restartedMain] INFO  com.example.quizz.QuizzApplication - No active profile set, falling back to 1 default profile: "default"
2025-12-30 17:04:41.430 [restartedMain] INFO  o.s.b.d.e.DevToolsPropertyDefaultsPostProcessor - Devtools property defaults active! Set 'spring.devtools.add-properties' to 'false' to disable
2025-12-30 17:04:41.430 [restartedMain] INFO  o.s.b.d.e.DevToolsPropertyDefaultsPostProcessor - For additional web related logging consider setting the 'logging.level.web' property to 'DEBUG'
2025-12-30 17:04:41.808 [background-preinit] INFO  o.h.validator.internal.util.Version - HV000001: Hibernate Validator 9.0.1.Final
2025-12-30 17:04:42.349 [restartedMain] INFO  o.s.d.r.c.RepositoryConfigurationDelegate - Bootstrapping Spring Data JPA repositories in DEFAULT mode.
2025-12-30 17:04:42.407 [restartedMain] INFO  o.s.d.r.c.RepositoryConfigurationDelegate - Finished Spring Data repository scanning in 50 ms. Found 6 JPA repository interfaces.
2025-12-30 17:04:43.077 [restartedMain] INFO  o.s.boot.tomcat.TomcatWebServer - Tomcat initialized with port 8080 (http)
2025-12-30 17:04:43.090 [restartedMain] INFO  o.a.coyote.http11.Http11NioProtocol - Initializing ProtocolHandler ["http-nio-8080"]
2025-12-30 17:04:43.093 [restartedMain] INFO  o.a.catalina.core.StandardService - Starting service [Tomcat]
2025-12-30 17:04:43.093 [restartedMain] INFO  o.a.catalina.core.StandardEngine - Starting Servlet engine: [Apache Tomcat/11.0.15]
2025-12-30 17:04:43.143 [restartedMain] INFO  o.s.b.w.c.s.WebApplicationContextInitializer - Root WebApplicationContext: initialization completed in 1711 ms
2025-12-30 17:04:43.338 [restartedMain] INFO  org.hibernate.orm.jpa - HHH008540: Processing PersistenceUnitInfo [name: default]
2025-12-30 17:04:43.404 [restartedMain] INFO  org.hibernate.orm.core - HHH000001: Hibernate ORM core version 7.2.0.Final
2025-12-30 17:04:43.815 [restartedMain] INFO  o.s.o.j.p.SpringPersistenceUnitInfo - No LoadTimeWeaver setup: ignoring JPA class transformer
2025-12-30 17:04:43.849 [restartedMain] INFO  com.zaxxer.hikari.HikariDataSource - HikariPool-1 - Starting...
2025-12-30 17:04:44.043 [restartedMain] INFO  com.zaxxer.hikari.pool.HikariPool - HikariPool-1 - Added connection org.postgresql.jdbc.PgConnection@10562103
2025-12-30 17:04:44.045 [restartedMain] INFO  com.zaxxer.hikari.HikariDataSource - HikariPool-1 - Start completed.
2025-12-30 17:04:44.102 [restartedMain] WARN  org.hibernate.orm.deprecation - HHH90000025: PostgreSQLDialect does not need to be specified explicitly using 'hibernate.dialect' (remove the property setting and it will be selected by default)
2025-12-30 17:04:44.128 [restartedMain] INFO  o.hibernate.orm.connections.pooling - HHH10001005: Database info:
	Database JDBC URL [jdbc:postgresql://localhost:5432/quiz_db]
	Database driver: PostgreSQL JDBC Driver
	Database dialect: PostgreSQLDialect
	Database version: 18.1
	Default catalog/schema: quiz_db/public
	Autocommit mode: undefined/unknown
	Isolation level: READ_COMMITTED [default READ_COMMITTED]
	JDBC fetch size: none
	Pool: DataSourceConnectionProvider
	Minimum pool size: undefined/unknown
	Maximum pool size: undefined/unknown
2025-12-30 17:04:45.084 [restartedMain] INFO  org.hibernate.orm.core - HHH000489: No JTA platform available (set 'hibernate.transaction.jta.platform' to enable JTA platform integration)
2025-12-30 17:04:45.175 [restartedMain] INFO  o.s.o.j.LocalContainerEntityManagerFactoryBean - Initialized JPA EntityManagerFactory for persistence unit 'default'
2025-12-30 17:04:45.301 [restartedMain] INFO  o.s.d.j.r.q.QueryEnhancerFactories - Hibernate is in classpath; If applicable, HQL parser will be used.
2025-12-30 17:04:45.509 [restartedMain] DEBUG c.e.q.s.JwtAuthenticationFilter - Filter 'jwtAuthenticationFilter' configured for use
2025-12-30 17:04:45.596 [restartedMain] INFO  o.s.s.c.a.a.c.InitializeAuthenticationProviderBeanManagerConfigurer$InitializeAuthenticationProviderManagerConfigurer - Global AuthenticationManager configured with AuthenticationProvider bean with name authenticationProvider
2025-12-30 17:04:45.596 [restartedMain] WARN  o.s.s.c.a.a.c.InitializeUserDetailsBeanManagerConfigurer$InitializeUserDetailsManagerConfigurer - Global AuthenticationManager configured with an AuthenticationProvider bean. UserDetailsService beans will not be used by Spring Security for automatically configuring username/password login. Consider removing the AuthenticationProvider bean. Alternatively, consider using the UserDetailsService in a manually instantiated DaoAuthenticationProvider. If the current configuration is intentional, to turn off this warning, increase the logging level of 'org.springframework.security.config.annotation.authentication.configuration.InitializeUserDetailsBeanManagerConfigurer' to ERROR
2025-12-30 17:04:45.797 [restartedMain] WARN  o.s.b.j.a.JpaBaseConfiguration$JpaWebConfiguration - spring.jpa.open-in-view is enabled by default. Therefore, database queries may be performed during view rendering. Explicitly configure spring.jpa.open-in-view to disable this warning
2025-12-30 17:04:46.011 [restartedMain] DEBUG o.s.s.web.DefaultSecurityFilterChain - Will secure any request with filters: DisableEncodeUrlFilter, WebAsyncManagerIntegrationFilter, SecurityContextHolderFilter, HeaderWriterFilter, LogoutFilter, JwtAuthenticationFilter, RequestCacheAwareFilter, SecurityContextHolderAwareRequestFilter, AnonymousAuthenticationFilter, SessionManagementFilter, ExceptionTranslationFilter, AuthorizationFilter
2025-12-30 17:04:46.535 [restartedMain] INFO  o.s.b.a.e.web.EndpointLinksResolver - Exposing 3 endpoints beneath base path '/actuator'
2025-12-30 17:04:46.596 [restartedMain] INFO  o.a.coyote.http11.Http11NioProtocol - Starting ProtocolHandler ["http-nio-8080"]
2025-12-30 17:04:46.624 [restartedMain] INFO  o.s.boot.tomcat.TomcatWebServer - Tomcat started on port 8080 (http) with context path '/'
2025-12-30 17:04:46.631 [restartedMain] INFO  com.example.quizz.QuizzApplication - Started QuizzApplication in 5.742 seconds (process running for 6.341)
2025-12-30 17:04:46.695 [restartedMain] INFO  c.e.quizz.config.DataInitializer - ========================================
2025-12-30 17:04:46.696 [restartedMain] INFO  c.e.quizz.config.DataInitializer - Starting data initialization...
2025-12-30 17:04:46.696 [restartedMain] INFO  c.e.quizz.config.DataInitializer - ========================================
2025-12-30 17:04:47.159 [restartedMain] INFO  c.e.quizz.config.DataInitializer - ========================================
2025-12-30 17:04:47.159 [restartedMain] INFO  c.e.quizz.config.DataInitializer - Data initialization completed
2025-12-30 17:04:47.161 [restartedMain] INFO  c.e.quizz.config.DataInitializer - Total Users: 4
2025-12-30 17:04:47.164 [restartedMain] INFO  c.e.quizz.config.DataInitializer - Total Quizzes: 3
2025-12-30 17:04:47.167 [restartedMain] INFO  c.e.quizz.config.DataInitializer - Total Questions: 8
2025-12-30 17:04:47.171 [restartedMain] INFO  c.e.quizz.config.DataInitializer - Total Submissions: 0
2025-12-30 17:04:47.171 [restartedMain] INFO  c.e.quizz.config.DataInitializer - ========================================
2025-12-30 17:05:51.584 [File Watcher] INFO  o.s.b.d.a.LocalDevToolsAutoConfiguration$RestartingClassPathChangeChangedEventListener - Restarting due to 1 class path change (0 additions, 0 deletions, 1 modification)
2025-12-30 17:05:51.588 [Thread-1] INFO  o.s.boot.tomcat.GracefulShutdown - Commencing graceful shutdown. Waiting for active requests to complete
2025-12-30 17:05:51.590 [tomcat-shutdown] INFO  o.a.coyote.http11.Http11NioProtocol - Pausing ProtocolHandler ["http-nio-8080"]
2025-12-30 17:05:51.593 [tomcat-shutdown] INFO  o.s.boot.tomcat.GracefulShutdown - Graceful shutdown complete
2025-12-30 17:05:51.594 [Thread-1] INFO  o.a.coyote.http11.Http11NioProtocol - Stopping ProtocolHandler ["http-nio-8080"]
2025-12-30 17:05:51.599 [Thread-1] INFO  o.s.o.j.LocalContainerEntityManagerFactoryBean - Closing JPA EntityManagerFactory for persistence unit 'default'
2025-12-30 17:05:51.603 [Thread-1] INFO  com.zaxxer.hikari.HikariDataSource - HikariPool-1 - Shutdown initiated...
2025-12-30 17:05:51.606 [Thread-1] INFO  com.zaxxer.hikari.HikariDataSource - HikariPool-1 - Shutdown completed.
2025-12-30 17:05:51.698 [restartedMain] INFO  com.example.quizz.QuizzApplication - Starting QuizzApplication using Java 21.0.9 with PID 1800 (D:\Assignment-BE\quizz\target\classes started by bichp in D:\Assignment-BE\quizz)
2025-12-30 17:05:51.698 [restartedMain] DEBUG com.example.quizz.QuizzApplication - Running with Spring Boot v4.0.1, Spring v7.0.2
2025-12-30 17:05:51.698 [restartedMain] INFO  com.example.quizz.QuizzApplication - No active profile set, falling back to 1 default profile: "default"
2025-12-30 17:05:51.881 [restartedMain] INFO  o.s.d.r.c.RepositoryConfigurationDelegate - Bootstrapping Spring Data JPA repositories in DEFAULT mode.
2025-12-30 17:05:51.897 [restartedMain] INFO  o.s.d.r.c.RepositoryConfigurationDelegate - Finished Spring Data repository scanning in 14 ms. Found 6 JPA repository interfaces.
2025-12-30 17:05:52.034 [restartedMain] INFO  o.s.boot.tomcat.TomcatWebServer - Tomcat initialized with port 8080 (http)
2025-12-30 17:05:52.036 [restartedMain] INFO  o.a.coyote.http11.Http11NioProtocol - Initializing ProtocolHandler ["http-nio-8080"]
2025-12-30 17:05:52.036 [restartedMain] INFO  o.a.catalina.core.StandardService - Starting service [Tomcat]
2025-12-30 17:05:52.036 [restartedMain] INFO  o.a.catalina.core.StandardEngine - Starting Servlet engine: [Apache Tomcat/11.0.15]
2025-12-30 17:05:52.050 [restartedMain] INFO  o.s.b.w.c.s.WebApplicationContextInitializer - Root WebApplicationContext: initialization completed in 350 ms
2025-12-30 17:05:52.154 [restartedMain] INFO  org.hibernate.orm.jpa - HHH008540: Processing PersistenceUnitInfo [name: default]
2025-12-30 17:05:52.188 [restartedMain] INFO  o.s.o.j.p.SpringPersistenceUnitInfo - No LoadTimeWeaver setup: ignoring JPA class transformer
2025-12-30 17:05:52.190 [restartedMain] INFO  com.zaxxer.hikari.HikariDataSource - HikariPool-2 - Starting...
2025-12-30 17:05:52.240 [restartedMain] INFO  com.zaxxer.hikari.pool.HikariPool - HikariPool-2 - Added connection org.postgresql.jdbc.PgConnection@47e5bcf3
2025-12-30 17:05:52.241 [restartedMain] INFO  com.zaxxer.hikari.HikariDataSource - HikariPool-2 - Start completed.
2025-12-30 17:05:52.247 [restartedMain] WARN  org.hibernate.orm.deprecation - HHH90000025: PostgreSQLDialect does not need to be specified explicitly using 'hibernate.dialect' (remove the property setting and it will be selected by default)
2025-12-30 17:05:52.251 [restartedMain] INFO  o.hibernate.orm.connections.pooling - HHH10001005: Database info:
	Database JDBC URL [jdbc:postgresql://localhost:5432/quiz_db]
	Database driver: PostgreSQL JDBC Driver
	Database dialect: PostgreSQLDialect
	Database version: 18.1
	Default catalog/schema: quiz_db/public
	Autocommit mode: undefined/unknown
	Isolation level: READ_COMMITTED [default READ_COMMITTED]
	JDBC fetch size: none
	Pool: DataSourceConnectionProvider
	Minimum pool size: undefined/unknown
	Maximum pool size: undefined/unknown
2025-12-30 17:05:52.351 [restartedMain] INFO  org.hibernate.orm.core - HHH000489: No JTA platform available (set 'hibernate.transaction.jta.platform' to enable JTA platform integration)
2025-12-30 17:05:52.387 [restartedMain] INFO  o.s.o.j.LocalContainerEntityManagerFactoryBean - Initialized JPA EntityManagerFactory for persistence unit 'default'
2025-12-30 17:05:52.449 [restartedMain] DEBUG c.e.q.s.JwtAuthenticationFilter - Filter 'jwtAuthenticationFilter' configured for use
2025-12-30 17:05:52.460 [restartedMain] WARN  o.s.b.w.s.s.c.AnnotationConfigServletWebServerApplicationContext - Exception encountered during context initialization - cancelling refresh attempt: org.springframework.beans.factory.BeanCreationException: Error creating bean with name 'dataInitializer' defined in file [D:\Assignment-BE\quizz\target\classes\com\example\quizz\config\DataInitializer.class]: Failed to instantiate [com.example.quizz.config.DataInitializer$$SpringCGLIB$$0]: Constructor threw exception
2025-12-30 17:05:52.461 [restartedMain] INFO  o.s.o.j.LocalContainerEntityManagerFactoryBean - Closing JPA EntityManagerFactory for persistence unit 'default'
2025-12-30 17:05:52.461 [restartedMain] INFO  com.zaxxer.hikari.HikariDataSource - HikariPool-2 - Shutdown initiated...
2025-12-30 17:05:52.524 [restartedMain] INFO  com.zaxxer.hikari.HikariDataSource - HikariPool-2 - Shutdown completed.
2025-12-30 17:05:52.525 [restartedMain] INFO  o.a.catalina.core.StandardService - Stopping service [Tomcat]
2025-12-30 17:05:52.529 [restartedMain] INFO  o.s.b.a.l.ConditionEvaluationReportLogger - 

Error starting ApplicationContext. To display the condition evaluation report re-run your application with 'debug' enabled.
2025-12-30 17:05:52.539 [restartedMain] ERROR o.s.boot.SpringApplication - Application run failed
org.springframework.beans.factory.BeanCreationException: Error creating bean with name 'dataInitializer' defined in file [D:\Assignment-BE\quizz\target\classes\com\example\quizz\config\DataInitializer.class]: Failed to instantiate [com.example.quizz.config.DataInitializer$$SpringCGLIB$$0]: Constructor threw exception
	at org.springframework.beans.factory.support.AbstractAutowireCapableBeanFactory.instantiateBean(AbstractAutowireCapableBeanFactory.java:1344)
	at org.springframework.beans.factory.support.AbstractAutowireCapableBeanFactory.createBeanInstance(AbstractAutowireCapableBeanFactory.java:1231)
	at org.springframework.beans.factory.support.AbstractAutowireCapableBeanFactory.doCreateBean(AbstractAutowireCapableBeanFactory.java:565)
	at org.springframework.beans.factory.support.AbstractAutowireCapableBeanFactory.createBean(AbstractAutowireCapableBeanFactory.java:525)
	at org.springframework.beans.factory.support.AbstractBeanFactory.lambda$doGetBean$0(AbstractBeanFactory.java:333)
	at org.springframework.beans.factory.support.DefaultSingletonBeanRegistry.getSingleton(DefaultSingletonBeanRegistry.java:371)
	at org.springframework.beans.factory.support.AbstractBeanFactory.doGetBean(AbstractBeanFactory.java:331)
	at org.springframework.beans.factory.support.AbstractBeanFactory.getBean(AbstractBeanFactory.java:196)
	at org.springframework.beans.factory.support.DefaultListableBeanFactory.instantiateSingleton(DefaultListableBeanFactory.java:1218)
	at org.springframework.beans.factory.support.DefaultListableBeanFactory.preInstantiateSingleton(DefaultListableBeanFactory.java:1184)
	at org.springframework.beans.factory.support.DefaultListableBeanFactory.preInstantiateSingletons(DefaultListableBeanFactory.java:1121)
	at org.springframework.context.support.AbstractApplicationContext.finishBeanFactoryInitialization(AbstractApplicationContext.java:993)
	at org.springframework.context.support.AbstractApplicationContext.refresh(AbstractApplicationContext.java:620)
	at org.springframework.boot.web.server.servlet.context.ServletWebServerApplicationContext.refresh(ServletWebServerApplicationContext.java:143)
	at org.springframework.boot.SpringApplication.refresh(SpringApplication.java:756)
	at org.springframework.boot.SpringApplication.refreshContext(SpringApplication.java:445)
	at org.springframework.boot.SpringApplication.run(SpringApplication.java:321)
	at org.springframework.boot.SpringApplication.run(SpringApplication.java:1365)
	at org.springframework.boot.SpringApplication.run(SpringApplication.java:1354)
	at com.example.quizz.QuizzApplication.main(QuizzApplication.java:12)
	at java.base/jdk.internal.reflect.DirectMethodHandleAccessor.invoke(DirectMethodHandleAccessor.java:103)
	at java.base/java.lang.reflect.Method.invoke(Method.java:580)
	at org.springframework.boot.devtools.restart.RestartLauncher.run(RestartLauncher.java:52)
Caused by: org.springframework.beans.BeanInstantiationException: Failed to instantiate [com.example.quizz.config.DataInitializer$$SpringCGLIB$$0]: Constructor threw exception
	at org.springframework.beans.BeanUtils.instantiateClass(BeanUtils.java:224)
	at org.springframework.beans.factory.support.SimpleInstantiationStrategy.instantiate(SimpleInstantiationStrategy.java:106)
	at org.springframework.beans.factory.support.AbstractAutowireCapableBeanFactory.instantiateBean(AbstractAutowireCapableBeanFactory.java:1338)
	... 22 common frames omitted
Caused by: java.lang.Error: Unresolved compilation problem: 

	at com.example.quizz.config.DataInitializer.<init>(DataInitializer.java:22)
	at com.example.quizz.config.DataInitializer$$SpringCGLIB$$0.<init>(<generated>)
	at java.base/jdk.internal.reflect.DirectConstructorHandleAccessor.newInstance(DirectConstructorHandleAccessor.java:62)
	at java.base/java.lang.reflect.Constructor.newInstanceWithCaller(Constructor.java:502)
	at java.base/java.lang.reflect.Constructor.newInstance(Constructor.java:486)
	at org.springframework.beans.BeanUtils.instantiateClass(BeanUtils.java:198)
	... 24 common frames omitted
2025-12-30 17:06:02.195 [restartedMain] INFO  com.example.quizz.QuizzApplication - Starting QuizzApplication using Java 21.0.9 with PID 1800 (D:\Assignment-BE\quizz\target\classes started by bichp in D:\Assignment-BE\quizz)
2025-12-30 17:06:02.195 [restartedMain] DEBUG com.example.quizz.QuizzApplication - Running with Spring Boot v4.0.1, Spring v7.0.2
2025-12-30 17:06:02.195 [restartedMain] INFO  com.example.quizz.QuizzApplication - No active profile set, falling back to 1 default profile: "default"
2025-12-30 17:06:02.380 [restartedMain] INFO  o.s.d.r.c.RepositoryConfigurationDelegate - Bootstrapping Spring Data JPA repositories in DEFAULT mode.
2025-12-30 17:06:02.398 [restartedMain] INFO  o.s.d.r.c.RepositoryConfigurationDelegate - Finished Spring Data repository scanning in 15 ms. Found 6 JPA repository interfaces.
2025-12-30 17:06:02.506 [restartedMain] INFO  o.s.boot.tomcat.TomcatWebServer - Tomcat initialized with port 8080 (http)
2025-12-30 17:06:02.508 [restartedMain] INFO  o.a.coyote.http11.Http11NioProtocol - Initializing ProtocolHandler ["http-nio-8080"]
2025-12-30 17:06:02.509 [restartedMain] INFO  o.a.catalina.core.StandardService - Starting service [Tomcat]
2025-12-30 17:06:02.509 [restartedMain] INFO  o.a.catalina.core.StandardEngine - Starting Servlet engine: [Apache Tomcat/11.0.15]
2025-12-30 17:06:02.523 [restartedMain] INFO  o.s.b.w.c.s.WebApplicationContextInitializer - Root WebApplicationContext: initialization completed in 326 ms
2025-12-30 17:06:02.614 [restartedMain] INFO  org.hibernate.orm.jpa - HHH008540: Processing PersistenceUnitInfo [name: default]
2025-12-30 17:06:02.631 [restartedMain] INFO  o.s.o.j.p.SpringPersistenceUnitInfo - No LoadTimeWeaver setup: ignoring JPA class transformer
2025-12-30 17:06:02.632 [restartedMain] INFO  com.zaxxer.hikari.HikariDataSource - HikariPool-3 - Starting...
2025-12-30 17:06:02.690 [restartedMain] INFO  com.zaxxer.hikari.pool.HikariPool - HikariPool-3 - Added connection org.postgresql.jdbc.PgConnection@3e7d2dd0
2025-12-30 17:06:02.691 [restartedMain] INFO  com.zaxxer.hikari.HikariDataSource - HikariPool-3 - Start completed.
2025-12-30 17:06:02.697 [restartedMain] WARN  org.hibernate.orm.deprecation - HHH90000025: PostgreSQLDialect does not need to be specified explicitly using 'hibernate.dialect' (remove the property setting and it will be selected by default)
2025-12-30 17:06:02.703 [restartedMain] INFO  o.hibernate.orm.connections.pooling - HHH10001005: Database info:
	Database JDBC URL [jdbc:postgresql://localhost:5432/quiz_db]
	Database driver: PostgreSQL JDBC Driver
	Database dialect: PostgreSQLDialect
	Database version: 18.1
	Default catalog/schema: quiz_db/public
	Autocommit mode: undefined/unknown
	Isolation level: READ_COMMITTED [default READ_COMMITTED]
	JDBC fetch size: none
	Pool: DataSourceConnectionProvider
	Minimum pool size: undefined/unknown
	Maximum pool size: undefined/unknown
2025-12-30 17:06:02.785 [restartedMain] INFO  org.hibernate.orm.core - HHH000489: No JTA platform available (set 'hibernate.transaction.jta.platform' to enable JTA platform integration)
2025-12-30 17:06:02.809 [restartedMain] INFO  o.s.o.j.LocalContainerEntityManagerFactoryBean - Initialized JPA EntityManagerFactory for persistence unit 'default'
2025-12-30 17:06:02.861 [restartedMain] DEBUG c.e.q.s.JwtAuthenticationFilter - Filter 'jwtAuthenticationFilter' configured for use
2025-12-30 17:06:02.870 [restartedMain] WARN  o.s.b.w.s.s.c.AnnotationConfigServletWebServerApplicationContext - Exception encountered during context initialization - cancelling refresh attempt: org.springframework.beans.factory.BeanCreationException: Error creating bean with name 'dataInitializer' defined in file [D:\Assignment-BE\quizz\target\classes\com\example\quizz\config\DataInitializer.class]: Failed to instantiate [com.example.quizz.config.DataInitializer$$SpringCGLIB$$0]: Constructor threw exception
2025-12-30 17:06:02.871 [restartedMain] INFO  o.s.o.j.LocalContainerEntityManagerFactoryBean - Closing JPA EntityManagerFactory for persistence unit 'default'
2025-12-30 17:06:02.871 [restartedMain] INFO  com.zaxxer.hikari.HikariDataSource - HikariPool-3 - Shutdown initiated...
2025-12-30 17:06:02.987 [restartedMain] INFO  com.zaxxer.hikari.HikariDataSource - HikariPool-3 - Shutdown completed.
2025-12-30 17:06:02.988 [restartedMain] INFO  o.a.catalina.core.StandardService - Stopping service [Tomcat]
2025-12-30 17:06:02.992 [restartedMain] INFO  o.s.b.a.l.ConditionEvaluationReportLogger - 

Error starting ApplicationContext. To display the condition evaluation report re-run your application with 'debug' enabled.
2025-12-30 17:06:02.995 [restartedMain] ERROR o.s.boot.SpringApplication - Application run failed
org.springframework.beans.factory.BeanCreationException: Error creating bean with name 'dataInitializer' defined in file [D:\Assignment-BE\quizz\target\classes\com\example\quizz\config\DataInitializer.class]: Failed to instantiate [com.example.quizz.config.DataInitializer$$SpringCGLIB$$0]: Constructor threw exception
	at org.springframework.beans.factory.support.AbstractAutowireCapableBeanFactory.instantiateBean(AbstractAutowireCapableBeanFactory.java:1344)
	at org.springframework.beans.factory.support.AbstractAutowireCapableBeanFactory.createBeanInstance(AbstractAutowireCapableBeanFactory.java:1231)
	at org.springframework.beans.factory.support.AbstractAutowireCapableBeanFactory.doCreateBean(AbstractAutowireCapableBeanFactory.java:565)
	at org.springframework.beans.factory.support.AbstractAutowireCapableBeanFactory.createBean(AbstractAutowireCapableBeanFactory.java:525)
	at org.springframework.beans.factory.support.AbstractBeanFactory.lambda$doGetBean$0(AbstractBeanFactory.java:333)
	at org.springframework.beans.factory.support.DefaultSingletonBeanRegistry.getSingleton(DefaultSingletonBeanRegistry.java:371)
	at org.springframework.beans.factory.support.AbstractBeanFactory.doGetBean(AbstractBeanFactory.java:331)
	at org.springframework.beans.factory.support.AbstractBeanFactory.getBean(AbstractBeanFactory.java:196)
	at org.springframework.beans.factory.support.DefaultListableBeanFactory.instantiateSingleton(DefaultListableBeanFactory.java:1218)
	at org.springframework.beans.factory.support.DefaultListableBeanFactory.preInstantiateSingleton(DefaultListableBeanFactory.java:1184)
	at org.springframework.beans.factory.support.DefaultListableBeanFactory.preInstantiateSingletons(DefaultListableBeanFactory.java:1121)
	at org.springframework.context.support.AbstractApplicationContext.finishBeanFactoryInitialization(AbstractApplicationContext.java:993)
	at org.springframework.context.support.AbstractApplicationContext.refresh(AbstractApplicationContext.java:620)
	at org.springframework.boot.web.server.servlet.context.ServletWebServerApplicationContext.refresh(ServletWebServerApplicationContext.java:143)
	at org.springframework.boot.SpringApplication.refresh(SpringApplication.java:756)
	at org.springframework.boot.SpringApplication.refreshContext(SpringApplication.java:445)
	at org.springframework.boot.SpringApplication.run(SpringApplication.java:321)
	at org.springframework.boot.SpringApplication.run(SpringApplication.java:1365)
	at org.springframework.boot.SpringApplication.run(SpringApplication.java:1354)
	at com.example.quizz.QuizzApplication.main(QuizzApplication.java:12)
	at java.base/jdk.internal.reflect.DirectMethodHandleAccessor.invoke(DirectMethodHandleAccessor.java:103)
	at java.base/java.lang.reflect.Method.invoke(Method.java:580)
	at org.springframework.boot.devtools.restart.RestartLauncher.run(RestartLauncher.java:52)
Caused by: org.springframework.beans.BeanInstantiationException: Failed to instantiate [com.example.quizz.config.DataInitializer$$SpringCGLIB$$0]: Constructor threw exception
	at org.springframework.beans.BeanUtils.instantiateClass(BeanUtils.java:224)
	at org.springframework.beans.factory.support.SimpleInstantiationStrategy.instantiate(SimpleInstantiationStrategy.java:106)
	at org.springframework.beans.factory.support.AbstractAutowireCapableBeanFactory.instantiateBean(AbstractAutowireCapableBeanFactory.java:1338)
	... 22 common frames omitted
Caused by: java.lang.Error: Unresolved compilation problem: 

	at com.example.quizz.config.DataInitializer.<init>(DataInitializer.java:22)
	at com.example.quizz.config.DataInitializer$$SpringCGLIB$$0.<init>(<generated>)
	at java.base/jdk.internal.reflect.DirectConstructorHandleAccessor.newInstance(DirectConstructorHandleAccessor.java:62)
	at java.base/java.lang.reflect.Constructor.newInstanceWithCaller(Constructor.java:502)
	at java.base/java.lang.reflect.Constructor.newInstance(Constructor.java:486)
	at org.springframework.beans.BeanUtils.instantiateClass(BeanUtils.java:198)
	... 24 common frames omitted
2025-12-30 17:06:29.173 [restartedMain] INFO  com.example.quizz.QuizzApplication - Starting QuizzApplication using Java 21.0.9 with PID 1800 (D:\Assignment-BE\quizz\target\classes started by bichp in D:\Assignment-BE\quizz)
2025-12-30 17:06:29.173 [restartedMain] DEBUG com.example.quizz.QuizzApplication - Running with Spring Boot v4.0.1, Spring v7.0.2
2025-12-30 17:06:29.173 [restartedMain] INFO  com.example.quizz.QuizzApplication - No active profile set, falling back to 1 default profile: "default"
2025-12-30 17:06:29.539 [restartedMain] INFO  o.s.d.r.c.RepositoryConfigurationDelegate - Bootstrapping Spring Data JPA repositories in DEFAULT mode.
2025-12-30 17:06:29.577 [restartedMain] INFO  o.s.d.r.c.RepositoryConfigurationDelegate - Finished Spring Data repository scanning in 35 ms. Found 6 JPA repository interfaces.
2025-12-30 17:06:29.847 [restartedMain] INFO  o.s.boot.tomcat.TomcatWebServer - Tomcat initialized with port 8080 (http)
2025-12-30 17:06:29.849 [restartedMain] INFO  o.a.coyote.http11.Http11NioProtocol - Initializing ProtocolHandler ["http-nio-8080"]
2025-12-30 17:06:29.850 [restartedMain] INFO  o.a.catalina.core.StandardService - Starting service [Tomcat]
2025-12-30 17:06:29.850 [restartedMain] INFO  o.a.catalina.core.StandardEngine - Starting Servlet engine: [Apache Tomcat/11.0.15]
2025-12-30 17:06:29.889 [restartedMain] INFO  o.s.b.w.c.s.WebApplicationContextInitializer - Root WebApplicationContext: initialization completed in 713 ms
2025-12-30 17:06:30.046 [restartedMain] INFO  org.hibernate.orm.jpa - HHH008540: Processing PersistenceUnitInfo [name: default]
2025-12-30 17:06:30.085 [restartedMain] INFO  o.s.o.j.p.SpringPersistenceUnitInfo - No LoadTimeWeaver setup: ignoring JPA class transformer
2025-12-30 17:06:30.086 [restartedMain] INFO  com.zaxxer.hikari.HikariDataSource - HikariPool-4 - Starting...
2025-12-30 17:06:30.179 [restartedMain] INFO  com.zaxxer.hikari.pool.HikariPool - HikariPool-4 - Added connection org.postgresql.jdbc.PgConnection@4aad6124
2025-12-30 17:06:30.179 [restartedMain] INFO  com.zaxxer.hikari.HikariDataSource - HikariPool-4 - Start completed.
2025-12-30 17:06:30.192 [restartedMain] WARN  org.hibernate.orm.deprecation - HHH90000025: PostgreSQLDialect does not need to be specified explicitly using 'hibernate.dialect' (remove the property setting and it will be selected by default)
2025-12-30 17:06:30.200 [restartedMain] INFO  o.hibernate.orm.connections.pooling - HHH10001005: Database info:
	Database JDBC URL [jdbc:postgresql://localhost:5432/quiz_db]
	Database driver: PostgreSQL JDBC Driver
	Database dialect: PostgreSQLDialect
	Database version: 18.1
	Default catalog/schema: quiz_db/public
	Autocommit mode: undefined/unknown
	Isolation level: READ_COMMITTED [default READ_COMMITTED]
	JDBC fetch size: none
	Pool: DataSourceConnectionProvider
	Minimum pool size: undefined/unknown
	Maximum pool size: undefined/unknown
2025-12-30 17:06:30.363 [restartedMain] INFO  org.hibernate.orm.core - HHH000489: No JTA platform available (set 'hibernate.transaction.jta.platform' to enable JTA platform integration)
2025-12-30 17:06:30.409 [restartedMain] INFO  o.s.o.j.LocalContainerEntityManagerFactoryBean - Initialized JPA EntityManagerFactory for persistence unit 'default'
2025-12-30 17:06:30.548 [restartedMain] DEBUG c.e.q.s.JwtAuthenticationFilter - Filter 'jwtAuthenticationFilter' configured for use
2025-12-30 17:06:30.629 [restartedMain] INFO  o.s.s.c.a.a.c.InitializeAuthenticationProviderBeanManagerConfigurer$InitializeAuthenticationProviderManagerConfigurer - Global AuthenticationManager configured with AuthenticationProvider bean with name authenticationProvider
2025-12-30 17:06:30.629 [restartedMain] WARN  o.s.s.c.a.a.c.InitializeUserDetailsBeanManagerConfigurer$InitializeUserDetailsManagerConfigurer - Global AuthenticationManager configured with an AuthenticationProvider bean. UserDetailsService beans will not be used by Spring Security for automatically configuring username/password login. Consider removing the AuthenticationProvider bean. Alternatively, consider using the UserDetailsService in a manually instantiated DaoAuthenticationProvider. If the current configuration is intentional, to turn off this warning, increase the logging level of 'org.springframework.security.config.annotation.authentication.configuration.InitializeUserDetailsBeanManagerConfigurer' to ERROR
2025-12-30 17:06:30.855 [restartedMain] WARN  o.s.b.j.a.JpaBaseConfiguration$JpaWebConfiguration - spring.jpa.open-in-view is enabled by default. Therefore, database queries may be performed during view rendering. Explicitly configure spring.jpa.open-in-view to disable this warning
2025-12-30 17:06:31.052 [restartedMain] DEBUG o.s.s.web.DefaultSecurityFilterChain - Will secure any request with filters: DisableEncodeUrlFilter, WebAsyncManagerIntegrationFilter, SecurityContextHolderFilter, HeaderWriterFilter, LogoutFilter, JwtAuthenticationFilter, RequestCacheAwareFilter, SecurityContextHolderAwareRequestFilter, AnonymousAuthenticationFilter, SessionManagementFilter, ExceptionTranslationFilter, AuthorizationFilter
2025-12-30 17:06:31.630 [restartedMain] INFO  o.s.b.a.e.web.EndpointLinksResolver - Exposing 3 endpoints beneath base path '/actuator'
2025-12-30 17:06:31.692 [restartedMain] INFO  o.a.coyote.http11.Http11NioProtocol - Starting ProtocolHandler ["http-nio-8080"]
2025-12-30 17:06:31.696 [restartedMain] INFO  o.s.boot.tomcat.TomcatWebServer - Tomcat started on port 8080 (http) with context path '/'
2025-12-30 17:06:31.702 [restartedMain] INFO  com.example.quizz.QuizzApplication - Started QuizzApplication in 2.583 seconds (process running for 111.412)
2025-12-30 17:06:31.704 [restartedMain] INFO  c.e.quizz.config.DataInitializer - ========================================
2025-12-30 17:06:31.705 [restartedMain] INFO  c.e.quizz.config.DataInitializer - Starting data initialization...
2025-12-30 17:06:31.705 [restartedMain] INFO  c.e.quizz.config.DataInitializer - ========================================
2025-12-30 17:06:31.834 [restartedMain] INFO  c.e.quizz.config.DataInitializer - ========================================
2025-12-30 17:06:31.834 [restartedMain] INFO  c.e.quizz.config.DataInitializer - Data initialization completed
2025-12-30 17:06:31.840 [restartedMain] INFO  c.e.quizz.config.DataInitializer - Total Users: 4
2025-12-30 17:06:31.842 [restartedMain] INFO  c.e.quizz.config.DataInitializer - Total Quizzes: 3
2025-12-30 17:06:31.846 [restartedMain] INFO  c.e.quizz.config.DataInitializer - Total Questions: 8
2025-12-30 17:06:31.846 [restartedMain] INFO  c.e.quizz.config.DataInitializer - ========================================
2025-12-30 17:06:31.847 [restartedMain] INFO  o.s.b.d.a.ConditionEvaluationDeltaLoggingListener - Condition evaluation unchanged
2025-12-30 17:08:25.867 [File Watcher] INFO  o.s.b.d.a.LocalDevToolsAutoConfiguration$RestartingClassPathChangeChangedEventListener - Restarting due to 1 class path change (0 additions, 0 deletions, 1 modification)
2025-12-30 17:08:25.869 [Thread-5] INFO  o.s.boot.tomcat.GracefulShutdown - Commencing graceful shutdown. Waiting for active requests to complete
2025-12-30 17:08:25.869 [tomcat-shutdown] INFO  o.a.coyote.http11.Http11NioProtocol - Pausing ProtocolHandler ["http-nio-8080"]
2025-12-30 17:08:25.872 [tomcat-shutdown] INFO  o.s.boot.tomcat.GracefulShutdown - Graceful shutdown complete
2025-12-30 17:08:25.873 [Thread-5] INFO  o.a.coyote.http11.Http11NioProtocol - Stopping ProtocolHandler ["http-nio-8080"]
2025-12-30 17:08:25.875 [Thread-5] INFO  o.s.o.j.LocalContainerEntityManagerFactoryBean - Closing JPA EntityManagerFactory for persistence unit 'default'
2025-12-30 17:08:25.876 [Thread-5] INFO  com.zaxxer.hikari.HikariDataSource - HikariPool-4 - Shutdown initiated...
2025-12-30 17:08:25.878 [Thread-5] INFO  com.zaxxer.hikari.HikariDataSource - HikariPool-4 - Shutdown completed.
2025-12-30 17:08:25.967 [restartedMain] INFO  com.example.quizz.QuizzApplication - Starting QuizzApplication using Java 21.0.9 with PID 1800 (D:\Assignment-BE\quizz\target\classes started by bichp in D:\Assignment-BE\quizz)
2025-12-30 17:08:25.967 [restartedMain] DEBUG com.example.quizz.QuizzApplication - Running with Spring Boot v4.0.1, Spring v7.0.2
2025-12-30 17:08:25.967 [restartedMain] INFO  com.example.quizz.QuizzApplication - No active profile set, falling back to 1 default profile: "default"
2025-12-30 17:08:26.152 [restartedMain] INFO  o.s.d.r.c.RepositoryConfigurationDelegate - Bootstrapping Spring Data JPA repositories in DEFAULT mode.
2025-12-30 17:08:26.170 [restartedMain] INFO  o.s.d.r.c.RepositoryConfigurationDelegate - Finished Spring Data repository scanning in 15 ms. Found 6 JPA repository interfaces.
2025-12-30 17:08:26.322 [restartedMain] INFO  o.s.boot.tomcat.TomcatWebServer - Tomcat initialized with port 8080 (http)
2025-12-30 17:08:26.323 [restartedMain] INFO  o.a.coyote.http11.Http11NioProtocol - Initializing ProtocolHandler ["http-nio-8080"]
2025-12-30 17:08:26.323 [restartedMain] INFO  o.a.catalina.core.StandardService - Starting service [Tomcat]
2025-12-30 17:08:26.324 [restartedMain] INFO  o.a.catalina.core.StandardEngine - Starting Servlet engine: [Apache Tomcat/11.0.15]
2025-12-30 17:08:26.336 [restartedMain] INFO  o.s.b.w.c.s.WebApplicationContextInitializer - Root WebApplicationContext: initialization completed in 368 ms
2025-12-30 17:08:26.410 [restartedMain] INFO  org.hibernate.orm.jpa - HHH008540: Processing PersistenceUnitInfo [name: default]
2025-12-30 17:08:26.438 [restartedMain] INFO  o.s.o.j.p.SpringPersistenceUnitInfo - No LoadTimeWeaver setup: ignoring JPA class transformer
2025-12-30 17:08:26.439 [restartedMain] INFO  com.zaxxer.hikari.HikariDataSource - HikariPool-5 - Starting...
2025-12-30 17:08:26.493 [restartedMain] INFO  com.zaxxer.hikari.pool.HikariPool - HikariPool-5 - Added connection org.postgresql.jdbc.PgConnection@4e3b2605
2025-12-30 17:08:26.493 [restartedMain] INFO  com.zaxxer.hikari.HikariDataSource - HikariPool-5 - Start completed.
2025-12-30 17:08:26.502 [restartedMain] WARN  org.hibernate.orm.deprecation - HHH90000025: PostgreSQLDialect does not need to be specified explicitly using 'hibernate.dialect' (remove the property setting and it will be selected by default)
2025-12-30 17:08:26.509 [restartedMain] INFO  o.hibernate.orm.connections.pooling - HHH10001005: Database info:
	Database JDBC URL [jdbc:postgresql://localhost:5432/quiz_db]
	Database driver: PostgreSQL JDBC Driver
	Database dialect: PostgreSQLDialect
	Database version: 18.1
	Default catalog/schema: quiz_db/public
	Autocommit mode: undefined/unknown
	Isolation level: READ_COMMITTED [default READ_COMMITTED]
	JDBC fetch size: none
	Pool: DataSourceConnectionProvider
	Minimum pool size: undefined/unknown
	Maximum pool size: undefined/unknown
2025-12-30 17:08:26.635 [restartedMain] INFO  org.hibernate.orm.core - HHH000489: No JTA platform available (set 'hibernate.transaction.jta.platform' to enable JTA platform integration)
2025-12-30 17:08:26.665 [restartedMain] INFO  o.s.o.j.LocalContainerEntityManagerFactoryBean - Initialized JPA EntityManagerFactory for persistence unit 'default'
2025-12-30 17:08:26.745 [restartedMain] DEBUG c.e.q.s.JwtAuthenticationFilter - Filter 'jwtAuthenticationFilter' configured for use
2025-12-30 17:08:26.799 [restartedMain] INFO  o.s.s.c.a.a.c.InitializeAuthenticationProviderBeanManagerConfigurer$InitializeAuthenticationProviderManagerConfigurer - Global AuthenticationManager configured with AuthenticationProvider bean with name authenticationProvider
2025-12-30 17:08:26.800 [restartedMain] WARN  o.s.s.c.a.a.c.InitializeUserDetailsBeanManagerConfigurer$InitializeUserDetailsManagerConfigurer - Global AuthenticationManager configured with an AuthenticationProvider bean. UserDetailsService beans will not be used by Spring Security for automatically configuring username/password login. Consider removing the AuthenticationProvider bean. Alternatively, consider using the UserDetailsService in a manually instantiated DaoAuthenticationProvider. If the current configuration is intentional, to turn off this warning, increase the logging level of 'org.springframework.security.config.annotation.authentication.configuration.InitializeUserDetailsBeanManagerConfigurer' to ERROR
2025-12-30 17:08:27.107 [restartedMain] WARN  o.s.b.j.a.JpaBaseConfiguration$JpaWebConfiguration - spring.jpa.open-in-view is enabled by default. Therefore, database queries may be performed during view rendering. Explicitly configure spring.jpa.open-in-view to disable this warning
2025-12-30 17:08:27.260 [restartedMain] DEBUG o.s.s.web.DefaultSecurityFilterChain - Will secure any request with filters: DisableEncodeUrlFilter, WebAsyncManagerIntegrationFilter, SecurityContextHolderFilter, HeaderWriterFilter, LogoutFilter, JwtAuthenticationFilter, RequestCacheAwareFilter, SecurityContextHolderAwareRequestFilter, AnonymousAuthenticationFilter, SessionManagementFilter, ExceptionTranslationFilter, AuthorizationFilter
2025-12-30 17:08:27.511 [restartedMain] INFO  o.s.b.a.e.web.EndpointLinksResolver - Exposing 3 endpoints beneath base path '/actuator'
2025-12-30 17:08:27.543 [restartedMain] INFO  o.a.coyote.http11.Http11NioProtocol - Starting ProtocolHandler ["http-nio-8080"]
2025-12-30 17:08:27.547 [restartedMain] INFO  o.s.boot.tomcat.TomcatWebServer - Tomcat started on port 8080 (http) with context path '/'
2025-12-30 17:08:27.550 [restartedMain] INFO  com.example.quizz.QuizzApplication - Started QuizzApplication in 1.609 seconds (process running for 227.26)
2025-12-30 17:08:27.552 [restartedMain] INFO  c.e.quizz.config.DataInitializer - ========================================
2025-12-30 17:08:27.552 [restartedMain] INFO  c.e.quizz.config.DataInitializer - Starting data initialization...
2025-12-30 17:08:27.552 [restartedMain] INFO  c.e.quizz.config.DataInitializer - ========================================
2025-12-30 17:08:27.614 [restartedMain] INFO  c.e.quizz.config.DataInitializer - ========================================
2025-12-30 17:08:27.614 [restartedMain] INFO  c.e.quizz.config.DataInitializer - Data initialization completed
2025-12-30 17:08:27.616 [restartedMain] INFO  c.e.quizz.config.DataInitializer - Total Users: 4
2025-12-30 17:08:27.618 [restartedMain] INFO  c.e.quizz.config.DataInitializer - Total Quizzes: 3
2025-12-30 17:08:27.623 [restartedMain] INFO  c.e.quizz.config.DataInitializer - Total Questions: 8
2025-12-30 17:08:27.623 [restartedMain] INFO  c.e.quizz.config.DataInitializer - ========================================
2025-12-30 17:08:27.624 [restartedMain] INFO  o.s.b.d.a.ConditionEvaluationDeltaLoggingListener - Condition evaluation unchanged
2025-12-30 17:08:28.907 [File Watcher] INFO  o.s.b.d.a.LocalDevToolsAutoConfiguration$RestartingClassPathChangeChangedEventListener - Restarting due to 1 class path change (0 additions, 0 deletions, 1 modification)
2025-12-30 17:08:28.908 [Thread-15] INFO  o.s.boot.tomcat.GracefulShutdown - Commencing graceful shutdown. Waiting for active requests to complete
2025-12-30 17:08:28.909 [tomcat-shutdown] INFO  o.a.coyote.http11.Http11NioProtocol - Pausing ProtocolHandler ["http-nio-8080"]
2025-12-30 17:08:28.911 [tomcat-shutdown] INFO  o.s.boot.tomcat.GracefulShutdown - Graceful shutdown complete
2025-12-30 17:08:28.911 [Thread-15] INFO  o.a.coyote.http11.Http11NioProtocol - Stopping ProtocolHandler ["http-nio-8080"]
2025-12-30 17:08:28.913 [Thread-15] INFO  o.s.o.j.LocalContainerEntityManagerFactoryBean - Closing JPA EntityManagerFactory for persistence unit 'default'
2025-12-30 17:08:28.914 [Thread-15] INFO  com.zaxxer.hikari.HikariDataSource - HikariPool-5 - Shutdown initiated...
2025-12-30 17:08:28.915 [Thread-15] INFO  com.zaxxer.hikari.HikariDataSource - HikariPool-5 - Shutdown completed.
2025-12-30 17:08:29.003 [restartedMain] INFO  com.example.quizz.QuizzApplication - Starting QuizzApplication using Java 21.0.9 with PID 1800 (D:\Assignment-BE\quizz\target\classes started by bichp in D:\Assignment-BE\quizz)
2025-12-30 17:08:29.004 [restartedMain] DEBUG com.example.quizz.QuizzApplication - Running with Spring Boot v4.0.1, Spring v7.0.2
2025-12-30 17:08:29.004 [restartedMain] INFO  com.example.quizz.QuizzApplication - No active profile set, falling back to 1 default profile: "default"
2025-12-30 17:08:29.161 [restartedMain] INFO  o.s.d.r.c.RepositoryConfigurationDelegate - Bootstrapping Spring Data JPA repositories in DEFAULT mode.
2025-12-30 17:08:29.174 [restartedMain] INFO  o.s.d.r.c.RepositoryConfigurationDelegate - Finished Spring Data repository scanning in 11 ms. Found 6 JPA repository interfaces.
2025-12-30 17:08:29.295 [restartedMain] INFO  o.s.boot.tomcat.TomcatWebServer - Tomcat initialized with port 8080 (http)
2025-12-30 17:08:29.296 [restartedMain] INFO  o.a.coyote.http11.Http11NioProtocol - Initializing ProtocolHandler ["http-nio-8080"]
2025-12-30 17:08:29.296 [restartedMain] INFO  o.a.catalina.core.StandardService - Starting service [Tomcat]
2025-12-30 17:08:29.296 [restartedMain] INFO  o.a.catalina.core.StandardEngine - Starting Servlet engine: [Apache Tomcat/11.0.15]
2025-12-30 17:08:29.309 [restartedMain] INFO  o.s.b.w.c.s.WebApplicationContextInitializer - Root WebApplicationContext: initialization completed in 302 ms
2025-12-30 17:08:29.366 [restartedMain] INFO  org.hibernate.orm.jpa - HHH008540: Processing PersistenceUnitInfo [name: default]
2025-12-30 17:08:29.383 [restartedMain] INFO  o.s.o.j.p.SpringPersistenceUnitInfo - No LoadTimeWeaver setup: ignoring JPA class transformer
2025-12-30 17:08:29.384 [restartedMain] INFO  com.zaxxer.hikari.HikariDataSource - HikariPool-6 - Starting...
2025-12-30 17:08:29.433 [restartedMain] INFO  com.zaxxer.hikari.pool.HikariPool - HikariPool-6 - Added connection org.postgresql.jdbc.PgConnection@129b5797
2025-12-30 17:08:29.433 [restartedMain] INFO  com.zaxxer.hikari.HikariDataSource - HikariPool-6 - Start completed.
2025-12-30 17:08:29.440 [restartedMain] WARN  org.hibernate.orm.deprecation - HHH90000025: PostgreSQLDialect does not need to be specified explicitly using 'hibernate.dialect' (remove the property setting and it will be selected by default)
2025-12-30 17:08:29.445 [restartedMain] INFO  o.hibernate.orm.connections.pooling - HHH10001005: Database info:
	Database JDBC URL [jdbc:postgresql://localhost:5432/quiz_db]
	Database driver: PostgreSQL JDBC Driver
	Database dialect: PostgreSQLDialect
	Database version: 18.1
	Default catalog/schema: quiz_db/public
	Autocommit mode: undefined/unknown
	Isolation level: READ_COMMITTED [default READ_COMMITTED]
	JDBC fetch size: none
	Pool: DataSourceConnectionProvider
	Minimum pool size: undefined/unknown
	Maximum pool size: undefined/unknown
2025-12-30 17:08:29.513 [restartedMain] INFO  org.hibernate.orm.core - HHH000489: No JTA platform available (set 'hibernate.transaction.jta.platform' to enable JTA platform integration)
2025-12-30 17:08:29.536 [restartedMain] INFO  o.s.o.j.LocalContainerEntityManagerFactoryBean - Initialized JPA EntityManagerFactory for persistence unit 'default'
2025-12-30 17:08:29.598 [restartedMain] DEBUG c.e.q.s.JwtAuthenticationFilter - Filter 'jwtAuthenticationFilter' configured for use
2025-12-30 17:08:29.635 [restartedMain] INFO  o.s.s.c.a.a.c.InitializeAuthenticationProviderBeanManagerConfigurer$InitializeAuthenticationProviderManagerConfigurer - Global AuthenticationManager configured with AuthenticationProvider bean with name authenticationProvider
2025-12-30 17:08:29.635 [restartedMain] WARN  o.s.s.c.a.a.c.InitializeUserDetailsBeanManagerConfigurer$InitializeUserDetailsManagerConfigurer - Global AuthenticationManager configured with an AuthenticationProvider bean. UserDetailsService beans will not be used by Spring Security for automatically configuring username/password login. Consider removing the AuthenticationProvider bean. Alternatively, consider using the UserDetailsService in a manually instantiated DaoAuthenticationProvider. If the current configuration is intentional, to turn off this warning, increase the logging level of 'org.springframework.security.config.annotation.authentication.configuration.InitializeUserDetailsBeanManagerConfigurer' to ERROR
2025-12-30 17:08:29.738 [restartedMain] WARN  o.s.b.j.a.JpaBaseConfiguration$JpaWebConfiguration - spring.jpa.open-in-view is enabled by default. Therefore, database queries may be performed during view rendering. Explicitly configure spring.jpa.open-in-view to disable this warning
2025-12-30 17:08:29.833 [restartedMain] DEBUG o.s.s.web.DefaultSecurityFilterChain - Will secure any request with filters: DisableEncodeUrlFilter, WebAsyncManagerIntegrationFilter, SecurityContextHolderFilter, HeaderWriterFilter, LogoutFilter, JwtAuthenticationFilter, RequestCacheAwareFilter, SecurityContextHolderAwareRequestFilter, AnonymousAuthenticationFilter, SessionManagementFilter, ExceptionTranslationFilter, AuthorizationFilter
2025-12-30 17:08:30.025 [restartedMain] INFO  o.s.b.a.e.web.EndpointLinksResolver - Exposing 3 endpoints beneath base path '/actuator'
2025-12-30 17:08:30.049 [restartedMain] INFO  o.a.coyote.http11.Http11NioProtocol - Starting ProtocolHandler ["http-nio-8080"]
2025-12-30 17:08:30.053 [restartedMain] INFO  o.s.boot.tomcat.TomcatWebServer - Tomcat started on port 8080 (http) with context path '/'
2025-12-30 17:08:30.056 [restartedMain] INFO  com.example.quizz.QuizzApplication - Started QuizzApplication in 1.076 seconds (process running for 229.766)
2025-12-30 17:08:30.056 [restartedMain] INFO  c.e.quizz.config.DataInitializer - ========================================
2025-12-30 17:08:30.056 [restartedMain] INFO  c.e.quizz.config.DataInitializer - Starting data initialization...
2025-12-30 17:08:30.056 [restartedMain] INFO  c.e.quizz.config.DataInitializer - ========================================
2025-12-30 17:08:30.107 [restartedMain] INFO  c.e.quizz.config.DataInitializer - ========================================
2025-12-30 17:08:30.107 [restartedMain] INFO  c.e.quizz.config.DataInitializer - Data initialization completed
2025-12-30 17:08:30.109 [restartedMain] INFO  c.e.quizz.config.DataInitializer - Total Users: 4
2025-12-30 17:08:30.111 [restartedMain] INFO  c.e.quizz.config.DataInitializer - Total Quizzes: 3
2025-12-30 17:08:30.114 [restartedMain] INFO  c.e.quizz.config.DataInitializer - Total Questions: 8
2025-12-30 17:08:30.114 [restartedMain] INFO  c.e.quizz.config.DataInitializer - ========================================
2025-12-30 17:08:30.115 [restartedMain] INFO  o.s.b.d.a.ConditionEvaluationDeltaLoggingListener - Condition evaluation unchanged
2025-12-30 17:09:20.402 [http-nio-8080-exec-1] INFO  o.a.c.c.C.[Tomcat-2].[localhost].[/] - Initializing Spring DispatcherServlet 'dispatcherServlet'
2025-12-30 17:09:20.403 [http-nio-8080-exec-1] INFO  o.s.web.servlet.DispatcherServlet - Initializing Servlet 'dispatcherServlet'
2025-12-30 17:09:20.406 [http-nio-8080-exec-1] INFO  o.s.web.servlet.DispatcherServlet - Completed initialization in 2 ms
2025-12-30 17:09:20.436 [http-nio-8080-exec-1] DEBUG o.s.security.web.FilterChainProxy - Securing GET /swagger-ui/index.html
2025-12-30 17:09:20.455 [http-nio-8080-exec-1] DEBUG o.s.s.w.a.AnonymousAuthenticationFilter - Set SecurityContextHolder to anonymous SecurityContext
2025-12-30 17:09:20.462 [http-nio-8080-exec-1] DEBUG o.s.security.web.FilterChainProxy - Secured GET /swagger-ui/index.html
2025-12-30 17:09:20.648 [http-nio-8080-exec-2] DEBUG o.s.security.web.FilterChainProxy - Securing GET /swagger-ui/swagger-initializer.js
2025-12-30 17:09:20.649 [http-nio-8080-exec-2] DEBUG o.s.s.w.a.AnonymousAuthenticationFilter - Set SecurityContextHolder to anonymous SecurityContext
2025-12-30 17:09:20.650 [http-nio-8080-exec-2] DEBUG o.s.security.web.FilterChainProxy - Secured GET /swagger-ui/swagger-initializer.js
2025-12-30 17:09:20.957 [http-nio-8080-exec-3] DEBUG o.s.security.web.FilterChainProxy - Securing GET /v3/api-docs/swagger-config
2025-12-30 17:09:20.958 [http-nio-8080-exec-3] DEBUG o.s.s.w.a.AnonymousAuthenticationFilter - Set SecurityContextHolder to anonymous SecurityContext
2025-12-30 17:09:20.959 [http-nio-8080-exec-3] DEBUG o.s.security.web.FilterChainProxy - Secured GET /v3/api-docs/swagger-config
2025-12-30 17:09:21.038 [http-nio-8080-exec-4] DEBUG o.s.security.web.FilterChainProxy - Securing GET /v3/api-docs
2025-12-30 17:09:21.039 [http-nio-8080-exec-4] DEBUG o.s.s.w.a.AnonymousAuthenticationFilter - Set SecurityContextHolder to anonymous SecurityContext
2025-12-30 17:09:21.039 [http-nio-8080-exec-4] DEBUG o.s.security.web.FilterChainProxy - Secured GET /v3/api-docs
2025-12-30 17:09:22.152 [http-nio-8080-exec-4] INFO  o.s.api.AbstractOpenApiResource - Init duration for springdoc-openapi is: 1094 ms
2025-12-30 17:09:43.949 [http-nio-8080-exec-7] DEBUG o.s.security.web.FilterChainProxy - Securing POST /api/v1/auth/login
2025-12-30 17:09:43.949 [http-nio-8080-exec-7] DEBUG o.s.s.w.a.AnonymousAuthenticationFilter - Set SecurityContextHolder to anonymous SecurityContext
2025-12-30 17:09:43.950 [http-nio-8080-exec-7] DEBUG o.s.security.web.FilterChainProxy - Secured POST /api/v1/auth/login
2025-12-30 17:09:44.102 [http-nio-8080-exec-7] INFO  c.e.quizz.controller.AuthController - Login request received for email: admin@quiz.com
2025-12-30 17:09:44.104 [http-nio-8080-exec-7] INFO  c.e.q.service.impl.UserServiceImpl - User login attempt: admin@quiz.com
2025-12-30 17:09:44.232 [http-nio-8080-exec-7] DEBUG c.e.q.s.CustomUserDetailsService - Loading user by email: admin@quiz.com
2025-12-30 17:09:44.240 [http-nio-8080-exec-7] DEBUG c.e.q.s.CustomUserDetailsService - User found: admin@quiz.com, Active: true
2025-12-30 17:09:44.352 [http-nio-8080-exec-7] DEBUG o.s.s.a.d.DaoAuthenticationProvider - Authenticated user
2025-12-30 17:09:44.353 [http-nio-8080-exec-7] DEBUG c.e.q.service.impl.UserServiceImpl - Authentication successful for user: admin@quiz.com
2025-12-30 17:09:44.358 [http-nio-8080-exec-7] DEBUG com.example.quizz.security.JwtUtil - Generating JWT token for user: admin@quiz.com
2025-12-30 17:09:44.490 [http-nio-8080-exec-7] DEBUG com.example.quizz.security.JwtUtil - Generating refresh token for user: admin@quiz.com
2025-12-30 17:09:44.490 [http-nio-8080-exec-7] INFO  c.e.q.service.impl.UserServiceImpl - User logged in successfully: admin@quiz.com
2025-12-30 17:09:57.799 [http-nio-8080-exec-9] DEBUG o.s.security.web.FilterChainProxy - Securing GET /.well-known/appspecific/com.chrome.devtools.json
2025-12-30 17:09:57.800 [http-nio-8080-exec-9] DEBUG o.s.s.w.a.AnonymousAuthenticationFilter - Set SecurityContextHolder to anonymous SecurityContext
2025-12-30 17:09:57.804 [http-nio-8080-exec-9] DEBUG o.s.s.w.a.Http403ForbiddenEntryPoint - Pre-authenticated entry point called. Rejecting access
2025-12-30 17:09:57.814 [http-nio-8080-exec-9] DEBUG o.s.security.web.FilterChainProxy - Securing GET /error
2025-12-30 17:09:57.815 [http-nio-8080-exec-9] DEBUG o.s.s.w.a.AnonymousAuthenticationFilter - Set SecurityContextHolder to anonymous SecurityContext
2025-12-30 17:09:57.815 [http-nio-8080-exec-9] DEBUG o.s.s.w.a.Http403ForbiddenEntryPoint - Pre-authenticated entry point called. Rejecting access
2025-12-30 17:09:57.946 [http-nio-8080-exec-10] DEBUG o.s.security.web.FilterChainProxy - Securing GET /swagger-ui/swagger-ui.css.map
2025-12-30 17:09:57.947 [http-nio-8080-exec-10] DEBUG o.s.s.w.a.AnonymousAuthenticationFilter - Set SecurityContextHolder to anonymous SecurityContext
2025-12-30 17:09:57.948 [http-nio-8080-exec-10] DEBUG o.s.security.web.FilterChainProxy - Secured GET /swagger-ui/swagger-ui.css.map
2025-12-30 17:10:38.167 [http-nio-8080-exec-2] DEBUG o.s.security.web.FilterChainProxy - Securing GET /api/v1/users?page=0&size=10&sort=createdAt&direction=desc
2025-12-30 17:10:38.207 [http-nio-8080-exec-2] DEBUG c.e.q.s.JwtAuthenticationFilter - JWT token found for user: admin@quiz.com
2025-12-30 17:10:38.207 [http-nio-8080-exec-2] DEBUG c.e.q.s.CustomUserDetailsService - Loading user by email: admin@quiz.com
2025-12-30 17:10:38.213 [http-nio-8080-exec-2] DEBUG c.e.q.s.CustomUserDetailsService - User found: admin@quiz.com, Active: true
2025-12-30 17:10:38.216 [http-nio-8080-exec-2] DEBUG com.example.quizz.security.JwtUtil - Token validation result for user admin@quiz.com: true
2025-12-30 17:10:38.216 [http-nio-8080-exec-2] DEBUG c.e.q.s.JwtAuthenticationFilter - JWT token is valid for user: admin@quiz.com
2025-12-30 17:10:38.217 [http-nio-8080-exec-2] DEBUG c.e.q.s.JwtAuthenticationFilter - Authentication set for user: admin@quiz.com
2025-12-30 17:10:38.221 [http-nio-8080-exec-2] DEBUG o.s.security.web.FilterChainProxy - Secured GET /api/v1/users?page=0&size=10&sort=createdAt&direction=desc
2025-12-30 17:10:38.228 [http-nio-8080-exec-2] DEBUG o.s.s.a.m.AuthorizationManagerBeforeMethodInterceptor - Authorizing method invocation ReflectiveMethodInvocation: public org.springframework.http.ResponseEntity com.example.quizz.controller.UserController.getAllUsers(int,int,java.lang.String,java.lang.String); target is of class [com.example.quizz.controller.UserController]
2025-12-30 17:10:38.238 [http-nio-8080-exec-2] DEBUG o.s.s.a.m.AuthorizationManagerBeforeMethodInterceptor - Authorized method invocation ReflectiveMethodInvocation: public org.springframework.http.ResponseEntity com.example.quizz.controller.UserController.getAllUsers(int,int,java.lang.String,java.lang.String); target is of class [com.example.quizz.controller.UserController]
2025-12-30 17:10:38.239 [http-nio-8080-exec-2] INFO  c.e.quizz.controller.UserController - Admin retrieving all users - page: 0, size: 10
2025-12-30 17:10:38.262 [http-nio-8080-exec-2] WARN  org.hibernate.orm.query - HHH90003004: firstResult/maxResults specified with collection fetch; applying in memory
2025-12-30 17:10:38.282 [http-nio-8080-exec-2] WARN  o.s.d.w.c.SpringDataJackson3Configuration$PageModule$WarningLoggingModifier - Serializing PageImpl instances as-is is not supported, meaning that there is no guarantee about the stability of the resulting JSON structure!
	For a stable JSON structure, please use Spring Data's PagedModel (globally via @EnableSpringDataWebSupport(pageSerializationMode = VIA_DTO))
	or Spring HATEOAS and Spring Data's PagedResourcesAssembler as documented in https://docs.spring.io/spring-data/commons/reference/repositories/core-extensions.html#core.web.pageables.

2025-12-30 17:11:08.756 [http-nio-8080-exec-3] DEBUG o.s.security.web.FilterChainProxy - Securing POST /api/v1/users
2025-12-30 17:11:08.757 [http-nio-8080-exec-3] DEBUG c.e.q.s.JwtAuthenticationFilter - JWT token found for user: admin@quiz.com
2025-12-30 17:11:08.757 [http-nio-8080-exec-3] DEBUG c.e.q.s.CustomUserDetailsService - Loading user by email: admin@quiz.com
2025-12-30 17:11:08.762 [http-nio-8080-exec-3] DEBUG c.e.q.s.CustomUserDetailsService - User found: admin@quiz.com, Active: true
2025-12-30 17:11:08.764 [http-nio-8080-exec-3] DEBUG com.example.quizz.security.JwtUtil - Token validation result for user admin@quiz.com: true
2025-12-30 17:11:08.764 [http-nio-8080-exec-3] DEBUG c.e.q.s.JwtAuthenticationFilter - JWT token is valid for user: admin@quiz.com
2025-12-30 17:11:08.764 [http-nio-8080-exec-3] DEBUG c.e.q.s.JwtAuthenticationFilter - Authentication set for user: admin@quiz.com
2025-12-30 17:11:08.765 [http-nio-8080-exec-3] DEBUG o.s.security.web.FilterChainProxy - Secured POST /api/v1/users
2025-12-30 17:11:08.781 [http-nio-8080-exec-3] DEBUG o.s.s.a.m.AuthorizationManagerBeforeMethodInterceptor - Authorizing method invocation ReflectiveMethodInvocation: public org.springframework.http.ResponseEntity com.example.quizz.controller.UserController.createUser(com.example.quizz.dto.request.UserRequestDTO); target is of class [com.example.quizz.controller.UserController]
2025-12-30 17:11:08.782 [http-nio-8080-exec-3] DEBUG o.s.s.a.m.AuthorizationManagerBeforeMethodInterceptor - Authorized method invocation ReflectiveMethodInvocation: public org.springframework.http.ResponseEntity com.example.quizz.controller.UserController.createUser(com.example.quizz.dto.request.UserRequestDTO); target is of class [com.example.quizz.controller.UserController]
2025-12-30 17:11:08.782 [http-nio-8080-exec-3] INFO  c.e.quizz.controller.UserController - Admin creating new user: test@example.com
2025-12-30 17:11:49.532 [http-nio-8080-exec-4] DEBUG o.s.security.web.FilterChainProxy - Securing GET /api/v1/questions?page=0&size=10&sort=createdAt&direction=DESC
2025-12-30 17:11:49.534 [http-nio-8080-exec-4] DEBUG o.s.s.w.a.AnonymousAuthenticationFilter - Set SecurityContextHolder to anonymous SecurityContext
2025-12-30 17:11:49.535 [http-nio-8080-exec-4] DEBUG o.s.s.w.a.Http403ForbiddenEntryPoint - Pre-authenticated entry point called. Rejecting access
2025-12-30 17:11:49.536 [http-nio-8080-exec-4] DEBUG o.s.security.web.FilterChainProxy - Securing GET /error?page=0&size=10&sort=createdAt&direction=DESC
2025-12-30 17:11:49.537 [http-nio-8080-exec-4] DEBUG o.s.s.w.a.AnonymousAuthenticationFilter - Set SecurityContextHolder to anonymous SecurityContext
2025-12-30 17:11:49.537 [http-nio-8080-exec-4] DEBUG o.s.s.w.a.Http403ForbiddenEntryPoint - Pre-authenticated entry point called. Rejecting access
2025-12-30 17:12:13.885 [http-nio-8080-exec-6] DEBUG o.s.security.web.FilterChainProxy - Securing GET /api/v1/questions?page=0&size=10&sort=createdAt&direction=DESC
2025-12-30 17:12:13.888 [http-nio-8080-exec-6] DEBUG c.e.q.s.JwtAuthenticationFilter - JWT token found for user: admin@quiz.com
2025-12-30 17:12:13.888 [http-nio-8080-exec-6] DEBUG c.e.q.s.CustomUserDetailsService - Loading user by email: admin@quiz.com
2025-12-30 17:12:13.917 [http-nio-8080-exec-6] DEBUG c.e.q.s.CustomUserDetailsService - User found: admin@quiz.com, Active: true
2025-12-30 17:12:13.919 [http-nio-8080-exec-6] DEBUG com.example.quizz.security.JwtUtil - Token validation result for user admin@quiz.com: true
2025-12-30 17:12:13.920 [http-nio-8080-exec-6] DEBUG c.e.q.s.JwtAuthenticationFilter - JWT token is valid for user: admin@quiz.com
2025-12-30 17:12:13.921 [http-nio-8080-exec-6] DEBUG c.e.q.s.JwtAuthenticationFilter - Authentication set for user: admin@quiz.com
2025-12-30 17:12:13.921 [http-nio-8080-exec-6] DEBUG o.s.security.web.FilterChainProxy - Secured GET /api/v1/questions?page=0&size=10&sort=createdAt&direction=DESC
2025-12-30 17:12:13.929 [http-nio-8080-exec-6] WARN  org.hibernate.orm.query - HHH90003004: firstResult/maxResults specified with collection fetch; applying in memory
2025-12-30 17:13:03.864 [http-nio-8080-exec-5] DEBUG o.s.security.web.FilterChainProxy - Securing POST /api/v1/auth/login
2025-12-30 17:13:03.866 [http-nio-8080-exec-5] DEBUG c.e.q.s.JwtAuthenticationFilter - JWT token found for user: admin@quiz.com
2025-12-30 17:13:03.866 [http-nio-8080-exec-5] DEBUG c.e.q.s.CustomUserDetailsService - Loading user by email: admin@quiz.com
2025-12-30 17:13:03.891 [http-nio-8080-exec-5] DEBUG c.e.q.s.CustomUserDetailsService - User found: admin@quiz.com, Active: true
2025-12-30 17:13:03.894 [http-nio-8080-exec-5] DEBUG com.example.quizz.security.JwtUtil - Token validation result for user admin@quiz.com: true
2025-12-30 17:13:03.894 [http-nio-8080-exec-5] DEBUG c.e.q.s.JwtAuthenticationFilter - JWT token is valid for user: admin@quiz.com
2025-12-30 17:13:03.895 [http-nio-8080-exec-5] DEBUG c.e.q.s.JwtAuthenticationFilter - Authentication set for user: admin@quiz.com
2025-12-30 17:13:03.899 [http-nio-8080-exec-5] DEBUG o.s.security.web.FilterChainProxy - Secured POST /api/v1/auth/login
2025-12-30 17:13:03.904 [http-nio-8080-exec-5] INFO  c.e.quizz.controller.AuthController - Login request received for email: test@example.com
2025-12-30 17:13:03.905 [http-nio-8080-exec-5] INFO  c.e.q.service.impl.UserServiceImpl - User login attempt: test@example.com
2025-12-30 17:13:03.905 [http-nio-8080-exec-5] DEBUG c.e.q.s.CustomUserDetailsService - Loading user by email: test@example.com
2025-12-30 17:13:03.910 [http-nio-8080-exec-5] DEBUG c.e.q.s.CustomUserDetailsService - User found: test@example.com, Active: true
2025-12-30 17:13:04.020 [http-nio-8080-exec-5] DEBUG o.s.s.a.d.DaoAuthenticationProvider - Authenticated user
2025-12-30 17:13:04.020 [http-nio-8080-exec-5] DEBUG c.e.q.service.impl.UserServiceImpl - Authentication successful for user: test@example.com
2025-12-30 17:13:04.025 [http-nio-8080-exec-5] DEBUG com.example.quizz.security.JwtUtil - Generating JWT token for user: test@example.com
2025-12-30 17:13:04.026 [http-nio-8080-exec-5] DEBUG com.example.quizz.security.JwtUtil - Generating refresh token for user: test@example.com
2025-12-30 17:13:04.027 [http-nio-8080-exec-5] INFO  c.e.q.service.impl.UserServiceImpl - User logged in successfully: test@example.com
2025-12-30 17:13:23.313 [http-nio-8080-exec-7] DEBUG o.s.security.web.FilterChainProxy - Securing GET /api/v1/users?page=0&size=10&sort=createdAt&direction=desc
2025-12-30 17:13:23.314 [http-nio-8080-exec-7] DEBUG c.e.q.s.JwtAuthenticationFilter - JWT token found for user: test@example.com
2025-12-30 17:13:23.314 [http-nio-8080-exec-7] DEBUG c.e.q.s.CustomUserDetailsService - Loading user by email: test@example.com
2025-12-30 17:13:23.320 [http-nio-8080-exec-7] DEBUG c.e.q.s.CustomUserDetailsService - User found: test@example.com, Active: true
2025-12-30 17:13:23.321 [http-nio-8080-exec-7] DEBUG com.example.quizz.security.JwtUtil - Token validation result for user test@example.com: true
2025-12-30 17:13:23.322 [http-nio-8080-exec-7] DEBUG c.e.q.s.JwtAuthenticationFilter - JWT token is valid for user: test@example.com
2025-12-30 17:13:23.322 [http-nio-8080-exec-7] DEBUG c.e.q.s.JwtAuthenticationFilter - Authentication set for user: test@example.com
2025-12-30 17:13:23.323 [http-nio-8080-exec-7] DEBUG o.s.s.w.a.AccessDeniedHandlerImpl - Responding with 403 status code
2025-12-30 17:13:23.324 [http-nio-8080-exec-7] DEBUG o.s.security.web.FilterChainProxy - Securing GET /error?page=0&size=10&sort=createdAt&direction=desc
2025-12-30 17:13:23.324 [http-nio-8080-exec-7] DEBUG o.s.s.w.a.AnonymousAuthenticationFilter - Set SecurityContextHolder to anonymous SecurityContext
2025-12-30 17:13:23.325 [http-nio-8080-exec-7] DEBUG o.s.s.w.a.Http403ForbiddenEntryPoint - Pre-authenticated entry point called. Rejecting access
